No.,Time,Source,Destination,Protocol,Length,Value,normality
8,0.024275,192.168.0.103,192.168.0.104,HTTP,270,131.00,0
17,0.12695499999999998,192.168.0.103,192.168.0.104,HTTP,270,130.00,0
26,0.24591999999999997,192.168.0.103,192.168.0.104,HTTP,270,131.00,0
35,0.349294,192.168.0.103,192.168.0.104,HTTP,270,131.00,0
43,0.45491099999999995,192.168.0.103,192.168.0.104,HTTP,270,131.00,0
54,0.573652,192.168.0.103,192.168.0.104,HTTP,270,132.00,0
63,0.682086,192.168.0.103,192.168.0.104,HTTP,270,131.00,0
72,0.808288,192.168.0.103,192.168.0.104,HTTP,270,131.00,0
79,0.915507,192.168.0.103,192.168.0.104,HTTP,270,132.00,0
90,1.044197,192.168.0.103,192.168.0.104,HTTP,270,132.00,0
100,1.1422450000000002,192.168.0.103,192.168.0.104,HTTP,270,131.00,0
110,1.260429,192.168.0.103,192.168.0.104,HTTP,270,131.00,0
119,1.365987,192.168.0.103,192.168.0.104,HTTP,270,131.00,0
126,1.4839040000000001,192.168.0.103,192.168.0.104,HTTP,270,132.00,0
136,1.594026,192.168.0.103,192.168.0.104,HTTP,270,132.00,0
145,1.7102970000000002,192.168.0.103,192.168.0.104,HTTP,270,132.00,0
155,1.830098,192.168.0.103,192.168.0.104,HTTP,270,132.00,0
162,1.9384009999999998,192.168.0.103,192.168.0.104,HTTP,270,133.00,0
173,2.0601119999999997,192.168.0.103,192.168.0.104,HTTP,270,131.00,0
182,2.168918,192.168.0.103,192.168.0.104,HTTP,270,132.00,0
191,2.27128,192.168.0.103,192.168.0.104,HTTP,270,131.00,0
200,2.39072,192.168.0.103,192.168.0.104,HTTP,270,131.00,0
209,2.490352,192.168.0.103,192.168.0.104,HTTP,270,131.00,0
219,2.603021,192.168.0.103,192.168.0.104,HTTP,270,131.00,0
228,2.734352,192.168.0.103,192.168.0.104,HTTP,270,131.00,0
238,2.8477580000000002,192.168.0.103,192.168.0.104,HTTP,270,131.00,0
247,2.977598,192.168.0.103,192.168.0.104,HTTP,270,131.00,0
256,3.0887599999999997,192.168.0.103,192.168.0.104,HTTP,270,131.00,0
265,3.217259,192.168.0.103,192.168.0.104,HTTP,270,132.00,0
274,3.3317330000000003,192.168.0.103,192.168.0.104,HTTP,270,131.00,0
283,3.4554980000000004,192.168.0.103,192.168.0.104,HTTP,270,132.00,0
292,3.5731330000000003,192.168.0.103,192.168.0.104,HTTP,270,132.00,0
301,3.6961180000000002,192.168.0.103,192.168.0.104,HTTP,270,131.00,0
310,3.818689,192.168.0.103,192.168.0.104,HTTP,270,132.00,0
319,3.947121,192.168.0.103,192.168.0.104,HTTP,270,131.00,0
328,4.059664,192.168.0.103,192.168.0.104,HTTP,270,131.00,0
337,4.206066000000001,192.168.0.103,192.168.0.104,HTTP,270,132.00,0
346,4.3103489999999995,192.168.0.103,192.168.0.104,HTTP,270,131.00,0
356,4.4264660000000005,192.168.0.103,192.168.0.104,HTTP,270,132.00,0
365,4.543966999999999,192.168.0.103,192.168.0.104,HTTP,270,132.00,0
376,4.6692860000000005,192.168.0.103,192.168.0.104,HTTP,270,131.00,0
385,4.787255,192.168.0.103,192.168.0.104,HTTP,270,133.00,0
394,4.9203660000000005,192.168.0.103,192.168.0.104,HTTP,270,132.00,0
403,5.151863,192.168.0.103,192.168.0.104,HTTP,270,131.00,0
412,5.223964,192.168.0.103,192.168.0.104,HTTP,270,132.00,0
421,5.282988,192.168.0.103,192.168.0.104,HTTP,270,131.00,0
432,5.517832,192.168.0.103,192.168.0.104,HTTP,270,132.00,0
441,5.558287,192.168.0.103,192.168.0.104,HTTP,270,132.00,0
450,5.821761,192.168.0.103,192.168.0.104,HTTP,270,132.00,0
459,5.885713,192.168.0.103,192.168.0.104,HTTP,270,131.00,0
466,5.979921,192.168.0.103,192.168.0.104,HTTP,270,131.00,0
477,6.213472,192.168.0.103,192.168.0.104,HTTP,270,132.00,0
486,6.355149,192.168.0.103,192.168.0.104,HTTP,270,131.00,0
495,6.432179,192.168.0.103,192.168.0.104,HTTP,270,131.00,0
504,6.49751,192.168.0.103,192.168.0.104,HTTP,270,131.00,0
513,6.641628,192.168.0.103,192.168.0.104,HTTP,270,131.00,0
522,6.73262,192.168.0.103,192.168.0.104,HTTP,270,131.00,0
531,6.8689160000000005,192.168.0.103,192.168.0.104,HTTP,270,131.00,0
538,6.963239,192.168.0.103,192.168.0.104,HTTP,270,133.00,0
548,7.055497999999999,192.168.0.103,192.168.0.104,HTTP,270,131.00,0
557,7.191324000000001,192.168.0.103,192.168.0.104,HTTP,270,131.00,0
566,7.303014,192.168.0.103,192.168.0.104,HTTP,270,132.00,0
575,7.4230789999999995,192.168.0.103,192.168.0.104,HTTP,270,131.00,0
582,7.509154,192.168.0.103,192.168.0.104,HTTP,269,26.00,0
593,7.628396,192.168.0.103,192.168.0.104,HTTP,269,19.00,0
604,7.744957,192.168.0.103,192.168.0.104,HTTP,269,17.00,0
613,7.852852,192.168.0.103,192.168.0.104,HTTP,269,14.00,0
621,7.958633,192.168.0.103,192.168.0.104,HTTP,269,14.00,0
630,8.088612,192.168.0.103,192.168.0.104,HTTP,269,18.00,0
639,8.199441,192.168.0.103,192.168.0.104,HTTP,269,11.00,0
648,8.306124,192.168.0.103,192.168.0.104,HTTP,269,15.00,0
657,8.419981,192.168.0.103,192.168.0.104,HTTP,269,19.00,0
665,8.542545,192.168.0.103,192.168.0.104,HTTP,269,30.00,0
675,8.643532,192.168.0.103,192.168.0.104,HTTP,269,11.00,0
684,8.75578,192.168.0.103,192.168.0.104,HTTP,269,11.00,0
695,9.858423,192.168.0.103,192.168.0.104,HTTP,269,11.00,0
704,9.912621000000001,192.168.0.103,192.168.0.104,HTTP,269,16.00,0
713,9.998899,192.168.0.103,192.168.0.104,HTTP,269,11.00,0
722,10.099611999999999,192.168.0.103,192.168.0.104,HTTP,269,10.00,0
731,10.222146,192.168.0.103,192.168.0.104,HTTP,269,11.00,0
741,10.349851,192.168.0.103,192.168.0.104,HTTP,269,10.00,0
750,10.451338,192.168.0.103,192.168.0.104,HTTP,268,9.00,0
760,10.57895,192.168.0.103,192.168.0.104,HTTP,269,10.00,0
769,10.693897,192.168.0.103,192.168.0.104,HTTP,269,10.00,0
778,10.784175999999999,192.168.0.103,192.168.0.104,HTTP,269,15.00,0
787,10.907908,192.168.0.103,192.168.0.104,HTTP,270,104.00,0
794,11.034424000000001,192.168.0.103,192.168.0.104,HTTP,270,110.00,0
805,11.141827000000001,192.168.0.103,192.168.0.104,HTTP,270,131.00,0
814,11.230143,192.168.0.103,192.168.0.104,HTTP,270,131.00,0
824,11.351137,192.168.0.103,192.168.0.104,HTTP,270,132.00,0
833,11.47482,192.168.0.103,192.168.0.104,HTTP,270,131.00,0
842,11.617499,192.168.0.103,192.168.0.104,HTTP,270,131.00,0
851,11.700433,192.168.0.103,192.168.0.104,HTTP,270,132.00,0
860,11.803797,192.168.0.103,192.168.0.104,HTTP,270,132.00,0
869,11.927628,192.168.0.103,192.168.0.104,HTTP,270,131.00,0
877,12.015427,192.168.0.103,192.168.0.104,HTTP,270,133.00,0
887,12.147357000000001,192.168.0.103,192.168.0.104,HTTP,270,132.00,0
896,12.249725999999999,192.168.0.103,192.168.0.104,HTTP,270,131.00,0
905,12.383676,192.168.0.103,192.168.0.104,HTTP,270,132.00,0
915,12.486312,192.168.0.103,192.168.0.104,HTTP,270,131.00,0
924,12.613041,192.168.0.103,192.168.0.104,HTTP,270,131.00,0
933,12.710092,192.168.0.103,192.168.0.104,HTTP,270,131.00,0
942,12.820221,192.168.0.103,192.168.0.104,HTTP,270,131.00,0
952,12.937188,192.168.0.103,192.168.0.104,HTTP,270,132.00,0
959,13.055347,192.168.0.103,192.168.0.104,HTTP,270,133.00,0
969,13.162953,192.168.0.103,192.168.0.104,HTTP,270,117.00,0
978,13.274892999999999,192.168.0.103,192.168.0.104,HTTP,270,109.00,0
987,13.390248999999999,192.168.0.103,192.168.0.104,HTTP,270,108.00,0
995,13.493239,192.168.0.103,192.168.0.104,HTTP,270,106.00,0
1005,13.621226,192.168.0.103,192.168.0.104,HTTP,269,11.00,0
1014,13.740469000000001,192.168.0.103,192.168.0.104,HTTP,269,10.00,0
1023,13.854269,192.168.0.103,192.168.0.104,HTTP,269,16.00,0
1032,13.958207000000002,192.168.0.103,192.168.0.104,HTTP,268,7.00,0
1039,14.062945999999998,192.168.0.103,192.168.0.104,HTTP,268,8.00,0
1049,14.176356,192.168.0.103,192.168.0.104,HTTP,268,7.00,0
1059,14.300165,192.168.0.103,192.168.0.104,HTTP,268,8.00,0
1069,14.407975,192.168.0.103,192.168.0.104,HTTP,268,7.00,0
1079,14.533894,192.168.0.103,192.168.0.104,HTTP,268,8.00,0
1088,14.616341,192.168.0.103,192.168.0.104,HTTP,268,8.00,0
1097,14.733131,192.168.0.103,192.168.0.104,HTTP,268,7.00,0
1107,14.851720000000002,192.168.0.103,192.168.0.104,HTTP,268,7.00,0
1116,14.959507,192.168.0.103,192.168.0.104,HTTP,268,7.00,0
1125,15.075876000000001,192.168.0.103,192.168.0.104,HTTP,268,7.00,0
1134,15.176778,192.168.0.103,192.168.0.104,HTTP,268,7.00,0
1143,15.306182000000002,192.168.0.103,192.168.0.104,HTTP,268,9.00,0
1152,15.411462,192.168.0.103,192.168.0.104,HTTP,268,9.00,0
1160,15.510229,192.168.0.103,192.168.0.104,HTTP,269,13.00,0
1171,15.620201999999999,192.168.0.103,192.168.0.104,HTTP,270,106.00,0
1180,15.781556,192.168.0.103,192.168.0.104,HTTP,270,133.00,0
1190,15.877858999999999,192.168.0.103,192.168.0.104,HTTP,270,130.00,0
1199,15.996777999999999,192.168.0.103,192.168.0.104,HTTP,270,132.00,0
1206,16.082673,192.168.0.103,192.168.0.104,HTTP,270,131.00,0
1217,16.216217999999998,192.168.0.103,192.168.0.104,HTTP,270,131.00,0
1226,16.313606,192.168.0.103,192.168.0.104,HTTP,270,132.00,0
1236,16.43666,192.168.0.103,192.168.0.104,HTTP,270,131.00,0
1245,16.526652,192.168.0.103,192.168.0.104,HTTP,270,132.00,0
1255,16.670076,192.168.0.103,192.168.0.104,HTTP,270,110.00,0
1264,16.759849,192.168.0.103,192.168.0.104,HTTP,270,130.00,0
1273,16.864353,192.168.0.103,192.168.0.104,HTTP,270,113.00,0
1283,17.002961,192.168.0.103,192.168.0.104,HTTP,270,112.00,0
1290,17.109417999999998,192.168.0.103,192.168.0.104,HTTP,270,114.00,0
1300,17.258075,192.168.0.103,192.168.0.104,HTTP,270,113.00,0
1309,17.331452,192.168.0.103,192.168.0.104,HTTP,270,111.00,0
1318,17.447975,192.168.0.103,192.168.0.104,HTTP,270,115.00,0
1325,17.562204,192.168.0.103,192.168.0.104,HTTP,270,131.00,0
1335,17.675107,192.168.0.103,192.168.0.104,HTTP,270,131.00,0
1345,17.787770000000002,192.168.0.103,192.168.0.104,HTTP,270,112.00,0
1354,17.905159,192.168.0.103,192.168.0.104,HTTP,270,132.00,0
1363,18.045849,192.168.0.103,192.168.0.104,HTTP,270,111.00,0
1372,18.151934,192.168.0.103,192.168.0.104,HTTP,270,133.00,0
1381,18.254027,192.168.0.103,192.168.0.104,HTTP,270,131.00,0
1391,18.356635,192.168.0.103,192.168.0.104,HTTP,270,118.00,0
1401,18.460909,192.168.0.103,192.168.0.104,HTTP,269,15.00,0
1409,18.568312,192.168.0.103,192.168.0.104,HTTP,269,14.00,0
1419,18.696855,192.168.0.103,192.168.0.104,HTTP,269,10.00,0
1428,18.808035999999998,192.168.0.103,192.168.0.104,HTTP,268,9.00,0
1437,18.911886,192.168.0.103,192.168.0.104,HTTP,268,8.00,0
1446,19.028156,192.168.0.103,192.168.0.104,HTTP,268,9.00,0
1456,19.20671,192.168.0.103,192.168.0.104,HTTP,268,8.00,0
1465,19.297426,192.168.0.103,192.168.0.104,HTTP,268,8.00,0
1475,19.408594,192.168.0.103,192.168.0.104,HTTP,268,8.00,0
1484,19.50779,192.168.0.103,192.168.0.104,HTTP,268,8.00,0
1492,19.614568,192.168.0.103,192.168.0.104,HTTP,268,8.00,0
1504,19.729953,192.168.0.103,192.168.0.104,HTTP,268,8.00,0
1514,19.8671,192.168.0.103,192.168.0.104,HTTP,268,8.00,0
1523,19.956868,192.168.0.103,192.168.0.104,HTTP,268,8.00,0
1530,20.081925,192.168.0.103,192.168.0.104,HTTP,268,7.00,0
1540,20.201334,192.168.0.103,192.168.0.104,HTTP,268,7.00,0
1549,20.289744,192.168.0.103,192.168.0.104,HTTP,268,8.00,0
1558,20.418088,192.168.0.103,192.168.0.104,HTTP,268,8.00,0
1568,20.520144000000002,192.168.0.103,192.168.0.104,HTTP,268,8.00,0
1576,20.62973,192.168.0.103,192.168.0.104,HTTP,268,8.00,0
1586,20.733641,192.168.0.103,192.168.0.104,HTTP,268,8.00,0
1595,20.839171,192.168.0.103,192.168.0.104,HTTP,268,7.00,0
1604,20.957459,192.168.0.103,192.168.0.104,HTTP,268,7.00,0
1611,21.063788,192.168.0.103,192.168.0.104,HTTP,268,8.00,0
1622,21.179463000000002,192.168.0.103,192.168.0.104,HTTP,268,9.00,0
1631,21.298984,192.168.0.103,192.168.0.104,HTTP,269,16.00,0
1641,21.429645999999998,192.168.0.103,192.168.0.104,HTTP,270,109.00,0
1651,21.534489999999998,192.168.0.103,192.168.0.104,HTTP,270,131.00,0
1658,21.641977999999998,192.168.0.103,192.168.0.104,HTTP,270,131.00,0
1668,21.75749,192.168.0.103,192.168.0.104,HTTP,270,132.00,0
1677,21.869656,192.168.0.103,192.168.0.104,HTTP,270,133.00,0
1686,21.978735,192.168.0.103,192.168.0.104,HTTP,270,134.00,0
1693,22.095392,192.168.0.103,192.168.0.104,HTTP,270,131.00,0
1704,22.207849,192.168.0.103,192.168.0.104,HTTP,270,130.00,0
1713,22.317189000000003,192.168.0.103,192.168.0.104,HTTP,270,131.00,0
1722,22.441765,192.168.0.103,192.168.0.104,HTTP,270,131.00,0
1731,22.556661,192.168.0.103,192.168.0.104,HTTP,270,132.00,0
1738,22.65247,192.168.0.103,192.168.0.104,HTTP,270,131.00,0
1749,22.773574,192.168.0.103,192.168.0.104,HTTP,270,132.00,0
1758,22.884469,192.168.0.103,192.168.0.104,HTTP,270,131.00,0
1767,22.996761,192.168.0.103,192.168.0.104,HTTP,270,131.00,0
1774,23.089829,192.168.0.110,192.168.0.104,HTTP,157,-1,3
1782,23.122691,192.168.0.103,192.168.0.104,HTTP,270,131.00,0
1792,23.224075,192.168.0.103,192.168.0.104,HTTP,270,132.00,0
1806,23.332148,192.168.0.103,192.168.0.104,HTTP,270,131.00,0
1816,23.46143,192.168.0.103,192.168.0.104,HTTP,270,110.00,0
1826,23.566557,192.168.0.103,192.168.0.104,HTTP,269,13.00,0
1837,23.684751000000002,192.168.0.103,192.168.0.104,HTTP,269,10.00,0
1852,24.391234,192.168.0.103,192.168.0.104,HTTP,268,9.00,0
1861,24.477688,192.168.0.103,192.168.0.104,HTTP,268,9.00,0
1870,24.59095,192.168.0.103,192.168.0.104,HTTP,269,10.00,0
1879,24.690088,192.168.0.103,192.168.0.104,HTTP,269,20.00,0
1887,24.801551,192.168.0.103,192.168.0.104,HTTP,269,31.00,0
1896,24.914465,192.168.0.103,192.168.0.104,HTTP,269,12.00,0
1904,25.025278,192.168.0.103,192.168.0.104,HTTP,269,10.00,0
1912,25.146873,192.168.0.103,192.168.0.104,HTTP,268,9.00,0
1921,25.248682000000002,192.168.0.103,192.168.0.104,HTTP,268,9.00,0
1929,25.354681,192.168.0.103,192.168.0.104,HTTP,268,8.00,0
1939,25.475505,192.168.0.103,192.168.0.104,HTTP,268,8.00,0
1947,25.577755,192.168.0.103,192.168.0.104,HTTP,268,9.00,0
1957,25.708013,192.168.0.103,192.168.0.104,HTTP,268,8.00,0
1970,25.814029,192.168.0.103,192.168.0.104,HTTP,268,8.00,0
1975,25.841239,192.168.0.110,192.168.0.104,HTTP,157,-1,3
1988,25.936016,192.168.0.103,192.168.0.104,HTTP,268,9.00,0
1997,26.035792999999998,192.168.0.103,192.168.0.104,HTTP,269,11.00,0
2006,26.140898,192.168.0.103,192.168.0.104,HTTP,269,11.00,0
2016,26.260964,192.168.0.103,192.168.0.104,HTTP,269,12.00,0
2023,26.363101,192.168.0.103,192.168.0.104,HTTP,270,132.00,0
2033,26.489707,192.168.0.103,192.168.0.104,HTTP,270,129.00,0
2041,26.605007,192.168.0.103,192.168.0.104,HTTP,270,132.00,0
2049,26.709622999999997,192.168.0.103,192.168.0.104,HTTP,270,110.00,0
2059,26.834272,192.168.0.103,192.168.0.104,HTTP,270,131.00,0
2069,26.962967,192.168.0.103,192.168.0.104,HTTP,270,131.00,0
2078,27.067038,192.168.0.103,192.168.0.104,HTTP,270,131.00,0
2087,27.172319,192.168.0.103,192.168.0.104,HTTP,270,132.00,0
2095,27.307363,192.168.0.103,192.168.0.104,HTTP,270,131.00,0
2103,27.388105,192.168.0.103,192.168.0.104,HTTP,270,131.00,0
2114,27.548084999999997,192.168.0.103,192.168.0.104,HTTP,270,131.00,0
2122,27.624626,192.168.0.103,192.168.0.104,HTTP,270,131.00,0
2130,27.738819,192.168.0.103,192.168.0.104,HTTP,270,131.00,0
2139,27.888944,192.168.0.103,192.168.0.104,HTTP,270,131.00,0
2146,27.985319,192.168.0.103,192.168.0.104,HTTP,270,132.00,0
2154,28.110945,192.168.0.103,192.168.0.104,HTTP,270,131.00,0
2165,28.225446,192.168.0.103,192.168.0.104,HTTP,270,130.00,0
2172,28.310840999999996,192.168.0.103,192.168.0.104,HTTP,270,132.00,0
2182,28.422303999999997,192.168.0.103,192.168.0.104,HTTP,270,131.00,0
2195,28.646983000000002,192.168.0.103,192.168.0.104,HTTP,270,131.00,0
2204,28.692144,192.168.0.103,192.168.0.104,HTTP,270,130.00,0
2214,28.796319,192.168.0.103,192.168.0.104,HTTP,270,133.00,0
2224,28.901215000000004,192.168.0.103,192.168.0.104,HTTP,270,131.00,0
2233,29.025004,192.168.0.103,192.168.0.104,HTTP,270,131.00,0
2242,29.134209000000002,192.168.0.103,192.168.0.104,HTTP,270,132.00,0
2250,29.228454,192.168.0.103,192.168.0.104,HTTP,270,131.00,0
2260,29.347049,192.168.0.103,192.168.0.104,HTTP,269,16.00,0
2270,29.464071999999998,192.168.0.103,192.168.0.104,HTTP,269,13.00,0
2275,29.540990999999998,192.168.0.110,192.168.0.104,HTTP,157,-1,3
2284,29.569025,192.168.0.103,192.168.0.104,HTTP,269,11.00,0
2295,29.686151000000002,192.168.0.103,192.168.0.104,HTTP,268,9.00,0
2311,29.808192,192.168.0.103,192.168.0.104,HTTP,269,11.00,0
2320,29.921898,192.168.0.103,192.168.0.104,HTTP,269,99.00,0
2329,30.028996999999997,192.168.0.103,192.168.0.104,HTTP,268,9.00,0
2340,30.138864,192.168.0.103,192.168.0.104,HTTP,268,8.00,0
2349,30.248564000000002,192.168.0.103,192.168.0.104,HTTP,268,8.00,0
2358,30.354598,192.168.0.103,192.168.0.104,HTTP,268,8.00,0
2372,30.465870000000002,192.168.0.103,192.168.0.104,HTTP,268,8.00,0
2381,30.580427,192.168.0.103,192.168.0.104,HTTP,268,8.00,0
2392,30.698007,192.168.0.103,192.168.0.104,HTTP,268,8.00,0
2403,30.801281,192.168.0.103,192.168.0.104,HTTP,268,8.00,0
2412,30.912327,192.168.0.103,192.168.0.104,HTTP,268,8.00,0
2422,31.039143,192.168.0.103,192.168.0.104,HTTP,268,9.00,0
2432,31.148853999999996,192.168.0.103,192.168.0.104,HTTP,269,12.00,0
2443,31.263733000000002,192.168.0.103,192.168.0.104,HTTP,269,12.00,0
2452,31.366621999999996,192.168.0.103,192.168.0.104,HTTP,269,98.00,0
2461,31.484075,192.168.0.103,192.168.0.104,HTTP,270,133.00,0
2470,31.60945,192.168.0.103,192.168.0.104,HTTP,270,132.00,0
2479,31.723260999999997,192.168.0.103,192.168.0.104,HTTP,270,131.00,0
2488,31.824602000000002,192.168.0.103,192.168.0.104,HTTP,270,132.00,0
2497,31.931031,192.168.0.103,192.168.0.104,HTTP,270,131.00,0
2508,32.056084000000006,192.168.0.103,192.168.0.104,HTTP,270,132.00,0
2520,32.178675,192.168.0.103,192.168.0.104,HTTP,270,132.00,0
2532,32.279011,192.168.0.103,192.168.0.104,HTTP,270,110.00,0
2534,32.291962,192.168.0.110,192.168.0.104,HTTP,157,-1,3
2547,32.418419,192.168.0.103,192.168.0.104,HTTP,270,112.00,0
2559,32.512025,192.168.0.103,192.168.0.104,HTTP,270,132.00,0
2568,32.612144,192.168.0.103,192.168.0.104,HTTP,270,134.00,0
2578,32.727591,192.168.0.103,192.168.0.104,HTTP,270,132.00,0
2588,32.854805,192.168.0.103,192.168.0.104,HTTP,270,132.00,0
2599,32.951091,192.168.0.103,192.168.0.104,HTTP,270,131.00,0
2608,33.079374,192.168.0.103,192.168.0.104,HTTP,270,131.00,0
2616,33.20617,192.168.0.103,192.168.0.104,HTTP,270,131.00,0
2626,33.315717,192.168.0.103,192.168.0.104,HTTP,270,131.00,0
2637,33.41827,192.168.0.103,192.168.0.104,HTTP,270,132.00,0
2647,33.520156,192.168.0.103,192.168.0.104,HTTP,270,131.00,0
2657,33.668758000000004,192.168.0.103,192.168.0.104,HTTP,270,130.00,0
2674,33.803897,192.168.0.103,192.168.0.104,HTTP,270,110.00,0
2683,33.864740000000005,192.168.0.103,192.168.0.104,HTTP,269,14.00,0
2699,33.973358000000005,192.168.0.103,192.168.0.104,HTTP,269,13.00,0
2711,34.100885999999996,192.168.0.103,192.168.0.104,HTTP,269,11.00,0
2720,34.212945,192.168.0.103,192.168.0.104,HTTP,268,9.00,0
2729,34.320788,192.168.0.103,192.168.0.104,HTTP,269,10.00,0
2740,34.448485,192.168.0.103,192.168.0.104,HTTP,269,10.00,0
2749,34.538940000000004,192.168.0.103,192.168.0.104,HTTP,269,10.00,0
2758,34.651454,192.168.0.103,192.168.0.104,HTTP,268,9.00,0
2767,34.771146,192.168.0.103,192.168.0.104,HTTP,268,9.00,0
2777,34.866490999999996,192.168.0.103,192.168.0.104,HTTP,268,9.00,0
2790,34.983363,192.168.0.103,192.168.0.104,HTTP,268,8.00,0
2801,35.089555,192.168.0.103,192.168.0.104,HTTP,268,8.00,0
2803,35.09534,192.168.0.110,192.168.0.104,HTTP,157,-1,3
2813,35.198105,192.168.0.103,192.168.0.104,HTTP,268,8.00,0
2828,35.331094,192.168.0.103,192.168.0.104,HTTP,268,8.00,0
2838,35.446371,192.168.0.103,192.168.0.104,HTTP,268,8.00,0
2848,35.557869000000004,192.168.0.103,192.168.0.104,HTTP,268,8.00,0
2858,35.666854,192.168.0.103,192.168.0.104,HTTP,268,8.00,0
2867,35.779396000000006,192.168.0.103,192.168.0.104,HTTP,268,8.00,0
2877,35.884373,192.168.0.103,192.168.0.104,HTTP,268,9.00,0
2888,35.994504,192.168.0.103,192.168.0.104,HTTP,269,13.00,0
2897,36.109987,192.168.0.103,192.168.0.104,HTTP,270,105.00,0
2905,36.211273999999996,192.168.0.103,192.168.0.104,HTTP,269,15.00,0
2917,36.331617,192.168.0.103,192.168.0.104,HTTP,270,131.00,0
2927,36.43466,192.168.0.103,192.168.0.104,HTTP,270,132.00,0
2936,36.563857,192.168.0.103,192.168.0.104,HTTP,270,132.00,0
2945,36.667946,192.168.0.103,192.168.0.104,HTTP,270,132.00,0
2957,36.795825,192.168.0.103,192.168.0.104,HTTP,270,131.00,0
2966,36.897769,192.168.0.103,192.168.0.104,HTTP,270,132.00,0
2975,37.012598,192.168.0.103,192.168.0.104,HTTP,270,131.00,0
2984,37.128746,192.168.0.103,192.168.0.104,HTTP,270,132.00,0
2991,37.267994,192.168.0.103,192.168.0.104,HTTP,270,131.00,0
3001,37.357665999999995,192.168.0.103,192.168.0.104,HTTP,270,133.00,0
3010,37.48318,192.168.0.103,192.168.0.104,HTTP,270,130.00,0
3019,37.592237,192.168.0.103,192.168.0.104,HTTP,270,133.00,0
3026,37.701495,192.168.0.103,192.168.0.104,HTTP,270,132.00,0
3041,37.814505,192.168.0.103,192.168.0.104,HTTP,270,131.00,0
3045,37.826295,192.168.0.110,192.168.0.104,HTTP,157,-1,3
3062,37.933134,192.168.0.103,192.168.0.104,HTTP,270,131.00,0
3071,38.029635,192.168.0.103,192.168.0.104,HTTP,270,132.00,0
3080,38.146953,192.168.0.103,192.168.0.104,HTTP,270,131.00,0
3087,38.260069,192.168.0.103,192.168.0.104,HTTP,270,131.00,0
3098,38.367005999999996,192.168.0.103,192.168.0.104,HTTP,269,29.00,0
3109,38.475111,192.168.0.103,192.168.0.104,HTTP,269,25.00,0
3120,38.612751,192.168.0.103,192.168.0.104,HTTP,269,24.00,0
3129,38.732774,192.168.0.103,192.168.0.104,HTTP,269,26.00,0
3139,38.822933,192.168.0.103,192.168.0.104,HTTP,269,24.00,0
3150,38.938036,192.168.0.103,192.168.0.104,HTTP,269,23.00,0
3160,39.057246,192.168.0.103,192.168.0.104,HTTP,269,25.00,0
3170,39.159845000000004,192.168.0.103,192.168.0.104,HTTP,269,26.00,0
3177,39.266644,192.168.0.103,192.168.0.104,HTTP,269,24.00,0
3188,39.388899,192.168.0.103,192.168.0.104,HTTP,269,23.00,0
3198,39.494433,192.168.0.103,192.168.0.104,HTTP,269,23.00,0
3208,39.606406,192.168.0.103,192.168.0.104,HTTP,269,23.00,0
3218,39.713215999999996,192.168.0.103,192.168.0.104,HTTP,269,23.00,0
3228,39.836683,192.168.0.103,192.168.0.104,HTTP,269,23.00,0
3237,39.953677,192.168.0.103,192.168.0.104,HTTP,269,23.00,0
3246,40.053334,192.168.0.103,192.168.0.104,HTTP,269,23.00,0
3255,40.177005,192.168.0.103,192.168.0.104,HTTP,269,23.00,0
3264,40.289478,192.168.0.103,192.168.0.104,HTTP,269,23.00,0
3273,40.388828000000004,192.168.0.103,192.168.0.104,HTTP,269,23.00,0
3288,40.503198,192.168.0.103,192.168.0.104,HTTP,269,23.00,0
3293,40.535731,192.168.0.110,192.168.0.104,HTTP,157,-1,3
3303,40.61923,192.168.0.103,192.168.0.104,HTTP,269,23.00,0
3316,40.728219,192.168.0.103,192.168.0.104,HTTP,269,23.00,0
3326,40.838607,192.168.0.103,192.168.0.104,HTTP,269,23.00,0
3335,40.963149,192.168.0.103,192.168.0.104,HTTP,269,23.00,0
3346,41.090492,192.168.0.103,192.168.0.104,HTTP,269,23.00,0
3356,41.18805,192.168.0.103,192.168.0.104,HTTP,269,23.00,0
3366,41.286756,192.168.0.103,192.168.0.104,HTTP,269,29.00,0
3376,41.4052,192.168.0.103,192.168.0.104,HTTP,269,30.00,0
3385,41.512985,192.168.0.103,192.168.0.104,HTTP,270,133.00,0
3394,41.628944,192.168.0.103,192.168.0.104,HTTP,270,131.00,0
3405,41.7414,192.168.0.103,192.168.0.104,HTTP,270,131.00,0
3415,41.854277,192.168.0.103,192.168.0.104,HTTP,270,132.00,0
3424,41.968416999999995,192.168.0.103,192.168.0.104,HTTP,270,131.00,0
3434,42.092007,192.168.0.103,192.168.0.104,HTTP,270,132.00,0
3444,42.199295,192.168.0.103,192.168.0.104,HTTP,270,132.00,0
3453,42.31436,192.168.0.103,192.168.0.104,HTTP,270,131.00,0
3462,42.423915,192.168.0.103,192.168.0.104,HTTP,270,131.00,0
3472,42.536356,192.168.0.103,192.168.0.104,HTTP,270,132.00,0
3482,42.657678000000004,192.168.0.103,192.168.0.104,HTTP,270,131.00,0
3489,42.76765,192.168.0.103,192.168.0.104,HTTP,270,131.00,0
3500,42.872665999999995,192.168.0.103,192.168.0.104,HTTP,270,131.00,0
3509,42.99103,192.168.0.103,192.168.0.104,HTTP,270,133.00,0
3518,43.115623,192.168.0.103,192.168.0.104,HTTP,270,132.00,0
3531,43.218089,192.168.0.103,192.168.0.104,HTTP,270,131.00,0
3539,43.321098,192.168.0.110,192.168.0.104,HTTP,157,-1,3
3545,43.336207,192.168.0.103,192.168.0.104,HTTP,270,132.00,0
3563,43.44854,192.168.0.103,192.168.0.104,HTTP,270,132.00,0
3574,43.558211,192.168.0.103,192.168.0.104,HTTP,270,131.00,0
3584,43.676347,192.168.0.103,192.168.0.104,HTTP,270,132.00,0
3591,43.779167,192.168.0.103,192.168.0.104,HTTP,270,131.00,0
3603,43.90763,192.168.0.103,192.168.0.104,HTTP,270,131.00,0
3612,44.012985,192.168.0.103,192.168.0.104,HTTP,270,131.00,0
3621,44.138371,192.168.0.103,192.168.0.104,HTTP,270,132.00,0
3630,44.251577000000005,192.168.0.103,192.168.0.104,HTTP,270,109.00,0
3640,44.353382,192.168.0.103,192.168.0.104,HTTP,269,26.00,0
3654,44.470562,192.168.0.103,192.168.0.104,HTTP,269,21.00,0
3663,44.577028000000006,192.168.0.103,192.168.0.104,HTTP,269,20.00,0
3672,44.68997,192.168.0.103,192.168.0.104,HTTP,269,20.00,0
3679,44.798575,192.168.0.103,192.168.0.104,HTTP,269,20.00,0
3689,44.921442,192.168.0.103,192.168.0.104,HTTP,269,19.00,0
3699,45.024974,192.168.0.103,192.168.0.104,HTTP,269,19.00,0
3708,45.139072999999996,192.168.0.103,192.168.0.104,HTTP,269,19.00,0
3716,45.254278,192.168.0.103,192.168.0.104,HTTP,269,19.00,0
3726,45.371414,192.168.0.103,192.168.0.104,HTTP,269,19.00,0
3738,45.488248999999996,192.168.0.103,192.168.0.104,HTTP,269,19.00,0
3748,45.591190000000005,192.168.0.103,192.168.0.104,HTTP,269,19.00,0
3757,45.705511,192.168.0.103,192.168.0.104,HTTP,269,19.00,0
3766,45.815216,192.168.0.103,192.168.0.104,HTTP,269,19.00,0
3780,45.931754999999995,192.168.0.103,192.168.0.104,HTTP,269,19.00,0
3788,46.027408,192.168.0.110,192.168.0.104,HTTP,157,-1,3
3797,46.043289,192.168.0.103,192.168.0.104,HTTP,269,20.00,0
3808,46.154979,192.168.0.103,192.168.0.104,HTTP,269,20.00,0
3822,46.273903000000004,192.168.0.103,192.168.0.104,HTTP,269,20.00,0
3831,46.388055,192.168.0.103,192.168.0.104,HTTP,269,20.00,0
3840,46.503336,192.168.0.103,192.168.0.104,HTTP,269,20.00,0
3852,46.612728000000004,192.168.0.103,192.168.0.104,HTTP,269,20.00,0
3861,46.718828,192.168.0.103,192.168.0.104,HTTP,269,21.00,0
3870,46.825175,192.168.0.103,192.168.0.104,HTTP,269,21.00,0
3880,46.943996000000006,192.168.0.103,192.168.0.104,HTTP,269,22.00,0
3889,47.058563,192.168.0.103,192.168.0.104,HTTP,269,22.00,0
3901,47.164659,192.168.0.103,192.168.0.104,HTTP,269,21.00,0
3909,47.27316,192.168.0.103,192.168.0.104,HTTP,269,21.00,0
3920,47.389213,192.168.0.103,192.168.0.104,HTTP,269,20.00,0
3929,47.501774,192.168.0.103,192.168.0.104,HTTP,269,20.00,0
3939,47.626992,192.168.0.103,192.168.0.104,HTTP,269,20.00,0
3948,47.726808,192.168.0.103,192.168.0.104,HTTP,269,21.00,0
3957,47.843276,192.168.0.103,192.168.0.104,HTTP,270,109.00,0
3966,47.964242,192.168.0.103,192.168.0.104,HTTP,270,134.00,0
3975,48.071684000000005,192.168.0.103,192.168.0.104,HTTP,270,111.00,0
3985,48.179912,192.168.0.103,192.168.0.104,HTTP,270,132.00,0
3994,48.299049,192.168.0.103,192.168.0.104,HTTP,270,118.00,0
4003,48.41093,192.168.0.103,192.168.0.104,HTTP,270,132.00,0
4012,48.522876000000004,192.168.0.103,192.168.0.104,HTTP,270,132.00,0
4024,48.65054,192.168.0.103,192.168.0.104,HTTP,270,132.00,0
4030,48.72298,192.168.0.110,192.168.0.104,HTTP,157,-1,3
4039,48.761202000000004,192.168.0.103,192.168.0.104,HTTP,270,132.00,0
4054,48.887425,192.168.0.103,192.168.0.104,HTTP,270,131.00,0
4064,48.976592,192.168.0.103,192.168.0.104,HTTP,270,132.00,0
4073,49.09343,192.168.0.103,192.168.0.104,HTTP,270,132.00,0
4083,49.212757,192.168.0.103,192.168.0.104,HTTP,270,131.00,0
4092,49.317895,192.168.0.103,192.168.0.104,HTTP,270,132.00,0
4103,49.431259999999995,192.168.0.103,192.168.0.104,HTTP,270,132.00,0
4112,49.544441,192.168.0.103,192.168.0.104,HTTP,270,131.00,0
4123,49.67026,192.168.0.103,192.168.0.104,HTTP,270,131.00,0
4132,49.778043,192.168.0.103,192.168.0.104,HTTP,270,132.00,0
4143,49.895340000000004,192.168.0.103,192.168.0.104,HTTP,270,132.00,0
4154,49.998256,192.168.0.103,192.168.0.104,HTTP,270,132.00,0
4163,50.114672999999996,192.168.0.103,192.168.0.104,HTTP,270,131.00,0
4172,50.226585,192.168.0.103,192.168.0.104,HTTP,270,131.00,0
4179,50.339442,192.168.0.103,192.168.0.104,HTTP,270,132.00,0
4190,50.454699,192.168.0.103,192.168.0.104,HTTP,270,132.00,0
4202,50.600401,192.168.0.103,192.168.0.104,HTTP,270,132.00,0
4211,50.703588,192.168.0.103,192.168.0.104,HTTP,270,131.00,0
4219,50.800534000000006,192.168.0.103,192.168.0.104,HTTP,270,132.00,0
4229,50.910986,192.168.0.103,192.168.0.104,HTTP,270,132.00,0
4238,51.025482000000004,192.168.0.103,192.168.0.104,HTTP,270,132.00,0
4248,51.133928999999995,192.168.0.103,192.168.0.104,HTTP,270,131.00,0
4259,51.248048,192.168.0.103,192.168.0.104,HTTP,270,133.00,0
4268,51.354766,192.168.0.103,192.168.0.104,HTTP,270,132.00,0
4280,51.475231,192.168.0.103,192.168.0.104,HTTP,270,131.00,0
4289,51.609443,192.168.0.103,192.168.0.104,HTTP,270,132.00,0
4298,51.706142,192.168.0.103,192.168.0.104,HTTP,270,131.00,0
4307,51.830708,192.168.0.103,192.168.0.104,HTTP,270,132.00,0
4316,51.936372,192.168.0.103,192.168.0.104,HTTP,270,133.00,0
4325,52.048031,192.168.0.103,192.168.0.104,HTTP,270,134.00,0
4335,52.158916,192.168.0.103,192.168.0.104,HTTP,270,131.00,0
4344,52.269757,192.168.0.103,192.168.0.104,HTTP,270,131.00,0
4353,52.38727,192.168.0.103,192.168.0.104,HTTP,270,131.00,0
4362,52.507723999999996,192.168.0.103,192.168.0.104,HTTP,270,132.00,0
4371,52.610004,192.168.0.103,192.168.0.104,HTTP,270,131.00,0
4381,52.735828000000005,192.168.0.103,192.168.0.104,HTTP,270,131.00,0
4390,52.847590000000004,192.168.0.103,192.168.0.104,HTTP,270,131.00,0
4399,52.968647999999995,192.168.0.103,192.168.0.104,HTTP,270,131.00,0
4408,53.076536,192.168.0.103,192.168.0.104,HTTP,270,132.00,0
4417,53.185675,192.168.0.103,192.168.0.104,HTTP,270,131.00,0
4427,53.293558,192.168.0.103,192.168.0.104,HTTP,270,131.00,0
4436,53.405828,192.168.0.103,192.168.0.104,HTTP,270,131.00,0
4446,53.520793999999995,192.168.0.103,192.168.0.104,HTTP,270,132.00,0
4455,53.633768999999994,192.168.0.103,192.168.0.104,HTTP,270,131.00,0
4464,53.744966000000005,192.168.0.103,192.168.0.104,HTTP,270,133.00,0
4473,53.868488,192.168.0.103,192.168.0.104,HTTP,270,131.00,0
4482,53.979084,192.168.0.103,192.168.0.104,HTTP,270,131.00,0
4492,54.108928000000006,192.168.0.103,192.168.0.104,HTTP,270,132.00,0
4501,54.222352,192.168.0.103,192.168.0.104,HTTP,270,133.00,0
4510,54.34525,192.168.0.103,192.168.0.104,HTTP,270,132.00,0
4520,54.463029000000006,192.168.0.103,192.168.0.104,HTTP,270,131.00,0
4529,54.593773999999996,192.168.0.103,192.168.0.104,HTTP,270,132.00,0
4538,54.715483,192.168.0.103,192.168.0.104,HTTP,270,131.00,0
4547,54.83178,192.168.0.103,192.168.0.104,HTTP,270,132.00,0
4556,54.94954499999999,192.168.0.103,192.168.0.104,HTTP,270,131.00,0
4565,55.071099,192.168.0.103,192.168.0.104,HTTP,270,110.00,0
4575,55.2094,192.168.0.103,192.168.0.104,HTTP,270,132.00,0
4585,55.315318000000005,192.168.0.103,192.168.0.104,HTTP,270,131.00,0
4594,55.435176,192.168.0.103,192.168.0.104,HTTP,270,132.00,0
4604,55.556343000000005,192.168.0.103,192.168.0.104,HTTP,270,131.00,0
4613,55.67395,192.168.0.103,192.168.0.104,HTTP,270,130.00,0
4622,55.80751,192.168.0.103,192.168.0.104,HTTP,270,132.00,0
4631,55.923731000000004,192.168.0.103,192.168.0.104,HTTP,270,130.00,0
4640,56.037665000000004,192.168.0.103,192.168.0.104,HTTP,270,130.00,0
4650,56.162783999999995,192.168.0.103,192.168.0.104,HTTP,270,131.00,0
4659,56.284248999999996,192.168.0.103,192.168.0.104,HTTP,270,132.00,0
4668,56.423156000000006,192.168.0.103,192.168.0.104,HTTP,270,131.00,0
4677,56.530291000000005,192.168.0.103,192.168.0.104,HTTP,270,123.00,0
4686,56.652778000000005,192.168.0.103,192.168.0.104,HTTP,270,131.00,0
4695,56.766099,192.168.0.103,192.168.0.104,HTTP,270,130.00,0
4704,56.935255000000005,192.168.0.103,192.168.0.104,HTTP,270,118.00,0
4716,58.391468999999994,192.168.0.103,192.168.0.104,HTTP,270,124.00,0
4729,58.45816899999999,192.168.0.103,192.168.0.104,HTTP,270,133.00,0
4742,58.548364,192.168.0.103,192.168.0.104,HTTP,270,117.00,0
4751,58.677804,192.168.0.103,192.168.0.104,HTTP,269,32.00,0
4763,58.783156999999996,192.168.0.103,192.168.0.104,HTTP,269,24.00,0
4771,58.889948,192.168.0.103,192.168.0.104,HTTP,269,24.00,0
4781,59.005003,192.168.0.103,192.168.0.104,HTTP,269,23.00,0
4791,59.11190500000001,192.168.0.103,192.168.0.104,HTTP,269,22.00,0
4800,59.236955,192.168.0.103,192.168.0.104,HTTP,269,21.00,0
4809,59.37346899999999,192.168.0.103,192.168.0.104,HTTP,269,21.00,0
4819,59.48024100000001,192.168.0.103,192.168.0.104,HTTP,269,21.00,0
4828,59.560665,192.168.0.103,192.168.0.104,HTTP,269,22.00,0
4838,59.676033,192.168.0.103,192.168.0.104,HTTP,269,21.00,0
4845,59.981269,192.168.0.103,192.168.0.104,HTTP,269,21.00,0
4855,60.022735,192.168.0.103,192.168.0.104,HTTP,269,21.00,0
4864,60.178644999999996,192.168.0.103,192.168.0.104,HTTP,269,22.00,0
4878,60.271308999999995,192.168.0.103,192.168.0.104,HTTP,269,24.00,0
4889,60.437253000000005,192.168.0.103,192.168.0.104,HTTP,269,23.00,0
4904,60.59154100000001,192.168.0.103,192.168.0.104,HTTP,269,28.00,0
4918,60.765267,192.168.0.103,192.168.0.104,HTTP,269,26.00,0
4927,60.918002,192.168.0.103,192.168.0.104,HTTP,269,28.00,0
4936,61.093029,192.168.0.103,192.168.0.104,HTTP,270,111.00,0
4947,61.258325,192.168.0.103,192.168.0.104,HTTP,269,34.00,0
4960,61.427271999999995,192.168.0.103,192.168.0.104,HTTP,270,132.00,0
4969,61.590656,192.168.0.103,192.168.0.104,HTTP,270,132.00,0
4978,61.63793100000001,192.168.0.103,192.168.0.104,HTTP,270,133.00,0
4987,61.79973199999999,192.168.0.103,192.168.0.104,HTTP,270,132.00,0
4994,61.966136999999996,192.168.0.103,192.168.0.104,HTTP,270,131.00,0
5005,62.134586999999996,192.168.0.103,192.168.0.104,HTTP,270,133.00,0
5014,62.211273999999996,192.168.0.103,192.168.0.104,HTTP,270,130.00,0
5028,62.32765,192.168.0.103,192.168.0.104,HTTP,270,131.00,0
5036,62.443739,192.168.0.103,192.168.0.104,HTTP,270,131.00,0
5046,62.568909999999995,192.168.0.103,192.168.0.104,HTTP,270,132.00,0
5055,62.675338,192.168.0.103,192.168.0.104,HTTP,270,130.00,0
5064,62.786471,192.168.0.103,192.168.0.104,HTTP,270,132.00,0
5073,62.90065,192.168.0.103,192.168.0.104,HTTP,270,129.00,0
5083,63.027042,192.168.0.103,192.168.0.104,HTTP,270,111.00,0
5092,63.122595999999994,192.168.0.103,192.168.0.104,HTTP,270,115.00,0
5101,63.237373,192.168.0.103,192.168.0.104,HTTP,270,132.00,0
5110,63.351257,192.168.0.103,192.168.0.104,HTTP,270,131.00,0
5126,63.85819300000001,192.168.0.107,192.168.0.104,ICMP,74,-1,2
5127,63.858309,192.168.0.104,192.168.0.107,ICMP,74,-1,2
5147,64.116324,192.168.0.103,192.168.0.104,HTTP,270,131.00,0
5156,64.215941,192.168.0.103,192.168.0.104,HTTP,270,131.00,0
5177,64.340428,192.168.0.103,192.168.0.104,HTTP,270,130.00,0
5190,64.438975,192.168.0.103,192.168.0.104,HTTP,270,132.00,0
5200,64.553076,192.168.0.103,192.168.0.104,HTTP,270,111.00,0
5215,64.66816899999999,192.168.0.103,192.168.0.104,HTTP,270,130.00,0
5232,64.776107,192.168.0.103,192.168.0.104,HTTP,270,132.00,0
5237,64.863117,192.168.0.107,192.168.0.104,ICMP,74,-1,2
5238,64.863182,192.168.0.104,192.168.0.107,ICMP,74,-1,2
5246,64.886803,192.168.0.103,192.168.0.104,HTTP,270,119.00,0
5256,64.99858499999999,192.168.0.103,192.168.0.104,HTTP,269,25.00,0
5265,65.111083,192.168.0.103,192.168.0.104,HTTP,269,24.00,0
5276,65.23856500000001,192.168.0.103,192.168.0.104,HTTP,269,22.00,0
5286,65.348235,192.168.0.103,192.168.0.104,HTTP,269,21.00,0
5303,65.458086,192.168.0.103,192.168.0.104,HTTP,269,21.00,0
5310,65.47539300000001,192.168.0.107,192.168.0.104,ICMP,74,-1,2
5311,65.47545,192.168.0.104,192.168.0.107,ICMP,74,-1,2
5327,65.561669,192.168.0.103,192.168.0.104,HTTP,269,38.00,0
5347,65.715962,192.168.0.103,192.168.0.104,HTTP,269,22.00,0
5356,65.80953199999999,192.168.0.103,192.168.0.104,HTTP,269,23.00,0
5359,65.881908,192.168.0.107,192.168.0.104,ICMP,74,-1,2
5360,65.881974,192.168.0.104,192.168.0.107,ICMP,74,-1,2
5366,65.904151,192.168.0.103,192.168.0.104,HTTP,270,132.00,0
5376,66.020025,192.168.0.103,192.168.0.104,HTTP,269,20.00,0
5385,66.12678299999999,192.168.0.103,192.168.0.104,HTTP,270,131.00,0
5398,66.365803,192.168.0.103,192.168.0.104,HTTP,270,132.00,0
5422,66.43154100000001,192.168.0.103,192.168.0.104,HTTP,270,114.00,0
5427,66.487251,192.168.0.107,192.168.0.104,ICMP,74,-1,2
5428,66.487312,192.168.0.104,192.168.0.107,ICMP,74,-1,2
5434,66.517973,192.168.0.103,192.168.0.104,HTTP,270,131.00,0
5444,66.621589,192.168.0.103,192.168.0.104,HTTP,270,132.00,0
5452,66.748706,192.168.0.103,192.168.0.104,HTTP,270,116.00,0
5460,66.867133,192.168.0.103,192.168.0.104,HTTP,270,133.00,0
5463,66.908185,192.168.0.107,192.168.0.104,ICMP,74,-1,2
5464,66.908259,192.168.0.104,192.168.0.107,ICMP,74,-1,2
5472,66.98414,192.168.0.103,192.168.0.104,HTTP,270,130.00,0
5481,67.087453,192.168.0.103,192.168.0.104,HTTP,269,24.00,0
5490,67.197337,192.168.0.103,192.168.0.104,HTTP,269,35.00,0
5500,67.314371,192.168.0.103,192.168.0.104,HTTP,269,17.00,0
5509,67.42189300000001,192.168.0.103,192.168.0.104,HTTP,269,32.00,0
5535,67.51094499999999,192.168.0.107,192.168.0.104,ICMP,74,-1,2
5536,67.511004,192.168.0.104,192.168.0.107,ICMP,74,-1,2
5546,67.540018,192.168.0.103,192.168.0.104,HTTP,269,32.00,0
5559,67.64658,192.168.0.103,192.168.0.104,HTTP,269,19.00,0
5571,67.772051,192.168.0.103,192.168.0.104,HTTP,269,19.00,0
5580,67.881218,192.168.0.103,192.168.0.104,HTTP,269,16.00,0
5582,67.925392,192.168.0.107,192.168.0.104,ICMP,74,-1,2
5583,67.925454,192.168.0.104,192.168.0.107,ICMP,74,-1,2
5591,67.981892,192.168.0.103,192.168.0.104,HTTP,269,31.00,0
5601,68.10582,192.168.0.103,192.168.0.104,HTTP,269,16.00,0
5612,68.216436,192.168.0.103,192.168.0.104,HTTP,269,15.00,0
5634,68.32231,192.168.0.103,192.168.0.104,HTTP,269,16.00,0
5643,68.429121,192.168.0.103,192.168.0.104,HTTP,269,22.00,0
5647,68.526451,192.168.0.107,192.168.0.104,ICMP,74,-1,2
5648,68.52651800000001,192.168.0.104,192.168.0.107,ICMP,74,-1,2
5657,68.549563,192.168.0.103,192.168.0.104,HTTP,270,130.00,0
5668,68.655311,192.168.0.103,192.168.0.104,HTTP,270,111.00,0
5692,68.769266,192.168.0.103,192.168.0.104,HTTP,270,131.00,0
5704,68.893458,192.168.0.103,192.168.0.104,HTTP,270,131.00,0
5707,68.942877,192.168.0.107,192.168.0.104,ICMP,74,-1,2
5708,68.94295,192.168.0.104,192.168.0.107,ICMP,74,-1,2
5716,69.00129,192.168.0.103,192.168.0.104,HTTP,270,134.00,0
5725,69.114705,192.168.0.103,192.168.0.104,HTTP,270,131.00,0
5739,69.235213,192.168.0.103,192.168.0.104,HTTP,270,131.00,0
5749,69.344483,192.168.0.103,192.168.0.104,HTTP,270,131.00,0
5760,69.45261500000001,192.168.0.103,192.168.0.104,HTTP,270,132.00,0
5765,69.54605500000001,192.168.0.107,192.168.0.104,ICMP,74,-1,2
5766,69.546125,192.168.0.104,192.168.0.107,ICMP,74,-1,2
5774,69.56652,192.168.0.103,192.168.0.104,HTTP,270,131.00,0
5783,69.681336,192.168.0.103,192.168.0.104,HTTP,269,20.00,0
5792,69.798114,192.168.0.103,192.168.0.104,HTTP,269,19.00,0
5801,69.909225,192.168.0.103,192.168.0.104,HTTP,269,19.00,0
5804,69.987316,192.168.0.107,192.168.0.104,ICMP,74,-1,2
5805,69.987388,192.168.0.104,192.168.0.107,ICMP,74,-1,2
5813,70.021116,192.168.0.103,192.168.0.104,HTTP,269,16.00,0
5822,70.129645,192.168.0.103,192.168.0.104,HTTP,269,16.00,0
5833,70.251362,192.168.0.103,192.168.0.104,HTTP,269,14.00,0
5846,70.35900500000001,192.168.0.103,192.168.0.104,HTTP,269,33.00,0
5856,70.476629,192.168.0.103,192.168.0.104,HTTP,269,16.00,0
5866,70.57154399999999,192.168.0.107,192.168.0.104,ICMP,74,-1,2
5867,70.571585,192.168.0.104,192.168.0.107,ICMP,74,-1,2
5870,70.59920100000001,192.168.0.103,192.168.0.104,HTTP,269,16.00,0
5879,70.695302,192.168.0.103,192.168.0.104,HTTP,269,14.00,0
5893,70.820537,192.168.0.103,192.168.0.104,HTTP,270,114.00,0
5902,70.92944200000001,192.168.0.103,192.168.0.104,HTTP,270,131.00,0
5905,71.05454399999999,192.168.0.107,192.168.0.104,ICMP,74,-1,2
5906,71.054609,192.168.0.104,192.168.0.107,ICMP,74,-1,2
5922,71.085976,192.168.0.103,192.168.0.104,HTTP,269,26.00,0
5932,71.168305,192.168.0.103,192.168.0.104,HTTP,269,17.00,0
5942,71.260163,192.168.0.103,192.168.0.104,HTTP,269,16.00,0
5956,71.380376,192.168.0.103,192.168.0.104,HTTP,270,113.00,0
5966,71.494489,192.168.0.103,192.168.0.104,HTTP,270,117.00,0
5974,71.59461,192.168.0.107,192.168.0.104,ICMP,74,-1,2
5975,71.594737,192.168.0.104,192.168.0.107,ICMP,74,-1,2
5978,71.600164,192.168.0.103,192.168.0.104,HTTP,270,131.00,0
5989,71.708072,192.168.0.103,192.168.0.104,HTTP,270,113.00,0
5999,71.824873,192.168.0.103,192.168.0.104,HTTP,270,121.00,0
6008,71.93771600000001,192.168.0.103,192.168.0.104,HTTP,270,106.00,0
6011,72.025649,192.168.0.107,192.168.0.104,ICMP,74,-1,2
6012,72.02573100000001,192.168.0.104,192.168.0.107,ICMP,74,-1,2
6019,72.04759,192.168.0.103,192.168.0.104,HTTP,270,115.00,0
6029,72.16266,192.168.0.103,192.168.0.104,HTTP,269,25.00,0
6038,72.281832,192.168.0.103,192.168.0.104,HTTP,270,106.00,0
6047,72.39698299999999,192.168.0.103,192.168.0.104,HTTP,270,117.00,0
6054,72.52550500000001,192.168.0.103,192.168.0.104,HTTP,270,113.00,0
6060,72.612864,192.168.0.107,192.168.0.104,ICMP,74,-1,2
6061,72.612909,192.168.0.104,192.168.0.107,ICMP,74,-1,2
6066,72.629202,192.168.0.103,192.168.0.104,HTTP,270,111.00,0
6075,72.736672,192.168.0.103,192.168.0.104,HTTP,270,111.00,0
6085,72.841589,192.168.0.103,192.168.0.104,HTTP,269,21.00,0
6094,72.951219,192.168.0.103,192.168.0.104,HTTP,269,22.00,0
6096,73.045969,192.168.0.107,192.168.0.104,ICMP,74,-1,2
6097,73.046074,192.168.0.104,192.168.0.107,ICMP,74,-1,2
6105,73.067555,192.168.0.103,192.168.0.104,HTTP,269,21.00,0
6114,73.179587,192.168.0.103,192.168.0.104,HTTP,270,103.00,0
6123,73.295539,192.168.0.103,192.168.0.104,HTTP,270,105.00,0
6133,73.40866199999999,192.168.0.103,192.168.0.104,HTTP,270,109.00,0
6141,73.53331899999999,192.168.0.103,192.168.0.104,HTTP,270,107.00,0
6151,73.63916400000001,192.168.0.107,192.168.0.104,ICMP,74,-1,2
6152,73.639227,192.168.0.104,192.168.0.107,ICMP,74,-1,2
6154,73.645675,192.168.0.103,192.168.0.104,HTTP,269,17.00,0
6163,73.75333499999999,192.168.0.103,192.168.0.104,HTTP,269,16.00,0
6172,73.87168299999999,192.168.0.103,192.168.0.104,HTTP,269,16.00,0
6180,73.972782,192.168.0.103,192.168.0.104,HTTP,269,16.00,0
6184,74.066953,192.168.0.107,192.168.0.104,ICMP,74,-1,2
6185,74.067014,192.168.0.104,192.168.0.107,ICMP,74,-1,2
6193,74.086752,192.168.0.103,192.168.0.104,HTTP,269,16.00,0
6203,74.198116,192.168.0.103,192.168.0.104,HTTP,269,16.00,0
6212,74.310537,192.168.0.103,192.168.0.104,HTTP,269,16.00,0
6223,74.423517,192.168.0.103,192.168.0.104,HTTP,269,16.00,0
6230,74.530005,192.168.0.103,192.168.0.104,HTTP,269,16.00,0
6238,74.659151,192.168.0.107,192.168.0.104,ICMP,74,-1,2
6239,74.659226,192.168.0.104,192.168.0.107,ICMP,74,-1,2
6242,74.66506700000001,192.168.0.103,192.168.0.104,HTTP,269,16.00,0
6251,74.776685,192.168.0.103,192.168.0.104,HTTP,269,16.00,0
6260,74.88117,192.168.0.103,192.168.0.104,HTTP,269,16.00,0
6270,74.987803,192.168.0.103,192.168.0.104,HTTP,269,16.00,0
6277,75.085448,192.168.0.107,192.168.0.104,ICMP,74,-1,2
6278,75.08549599999999,192.168.0.104,192.168.0.107,ICMP,74,-1,2
6281,75.0992,192.168.0.103,192.168.0.104,HTTP,269,16.00,0
6290,75.209687,192.168.0.103,192.168.0.104,HTTP,269,16.00,0
6299,75.31907700000001,192.168.0.103,192.168.0.104,HTTP,269,17.00,0
6308,75.43767199999999,192.168.0.103,192.168.0.104,HTTP,269,16.00,0
6318,75.58219,192.168.0.103,192.168.0.104,HTTP,269,16.00,0
6327,75.663534,192.168.0.103,192.168.0.104,HTTP,269,16.00,0
6329,75.676474,192.168.0.107,192.168.0.104,ICMP,74,-1,2
6330,75.676562,192.168.0.104,192.168.0.107,ICMP,74,-1,2
6339,75.776021,192.168.0.103,192.168.0.104,HTTP,269,16.00,0
6348,75.89121899999999,192.168.0.103,192.168.0.104,HTTP,269,16.00,0
6357,75.993764,192.168.0.103,192.168.0.104,HTTP,269,16.00,0
6366,76.111652,192.168.0.107,192.168.0.104,ICMP,74,-1,2
6367,76.11189300000001,192.168.0.104,192.168.0.107,ICMP,74,-1,2
6368,76.115964,192.168.0.103,192.168.0.104,HTTP,269,17.00,0
6378,76.220258,192.168.0.103,192.168.0.104,HTTP,269,17.00,0
6388,76.36347099999999,192.168.0.103,192.168.0.104,HTTP,269,18.00,0
6397,76.452424,192.168.0.103,192.168.0.104,HTTP,269,18.00,0
6405,76.572416,192.168.0.103,192.168.0.104,HTTP,269,18.00,0
6415,76.675993,192.168.0.103,192.168.0.104,HTTP,269,19.00,0
6417,76.699691,192.168.0.107,192.168.0.104,ICMP,74,-1,2
6418,76.699775,192.168.0.104,192.168.0.107,ICMP,74,-1,2
6428,76.80740300000001,192.168.0.103,192.168.0.104,HTTP,269,19.00,0
6437,76.910617,192.168.0.103,192.168.0.104,HTTP,269,97.00,0
6439,76.9577,192.168.0.107,192.168.0.104,ICMP,74,-1,2
6440,76.957771,192.168.0.104,192.168.0.107,ICMP,74,-1,2
6448,77.02510699999999,192.168.0.103,192.168.0.104,HTTP,269,17.00,0
6455,77.123887,192.168.0.107,192.168.0.104,ICMP,74,-1,2
6456,77.123941,192.168.0.104,192.168.0.107,ICMP,74,-1,2
6459,77.13300500000001,192.168.0.103,192.168.0.104,HTTP,269,20.00,0
6469,77.243579,192.168.0.103,192.168.0.104,HTTP,270,104.00,0
6480,77.356037,192.168.0.103,192.168.0.104,HTTP,270,115.00,0
6489,77.471723,192.168.0.103,192.168.0.104,HTTP,270,107.00,0
6497,77.584439,192.168.0.103,192.168.0.104,HTTP,270,131.00,0
6507,77.692444,192.168.0.103,192.168.0.104,HTTP,270,133.00,0
6509,77.724213,192.168.0.107,192.168.0.104,ICMP,74,-1,2
6510,77.72428199999999,192.168.0.104,192.168.0.107,ICMP,74,-1,2
6518,77.807643,192.168.0.103,192.168.0.104,HTTP,270,118.00,0
6528,77.93270600000001,192.168.0.103,192.168.0.104,HTTP,270,130.00,0
6530,77.967247,192.168.0.107,192.168.0.104,ICMP,74,-1,2
6531,77.967311,192.168.0.104,192.168.0.107,ICMP,74,-1,2
6537,78.040838,192.168.0.103,192.168.0.104,HTTP,270,130.00,0
6544,78.179277,192.168.0.107,192.168.0.104,ICMP,74,-1,2
6545,78.17935,192.168.0.104,192.168.0.107,ICMP,74,-1,2
6550,78.21379,192.168.0.103,192.168.0.104,HTTP,270,133.00,0
6559,78.26695699999999,192.168.0.103,192.168.0.104,HTTP,270,131.00,0
6568,78.386584,192.168.0.103,192.168.0.104,HTTP,270,131.00,0
6577,78.493736,192.168.0.103,192.168.0.104,HTTP,270,132.00,0
6586,78.61078,192.168.0.103,192.168.0.104,HTTP,270,133.00,0
6596,78.72237,192.168.0.103,192.168.0.104,HTTP,270,131.00,0
6597,78.73365799999999,192.168.0.107,192.168.0.104,ICMP,74,-1,2
6598,78.733716,192.168.0.104,192.168.0.107,ICMP,74,-1,2
6607,78.83328900000001,192.168.0.103,192.168.0.104,HTTP,270,131.00,0
6617,78.953148,192.168.0.103,192.168.0.104,HTTP,270,132.00,0
6619,78.971827,192.168.0.107,192.168.0.104,ICMP,74,-1,2
6620,78.971915,192.168.0.104,192.168.0.107,ICMP,74,-1,2
6626,79.062662,192.168.0.103,192.168.0.104,HTTP,270,132.00,0
6636,79.177582,192.168.0.103,192.168.0.104,HTTP,270,131.00,0
6637,79.179022,192.168.0.107,192.168.0.104,ICMP,74,-1,2
6638,79.179117,192.168.0.104,192.168.0.107,ICMP,74,-1,2
6647,79.298232,192.168.0.103,192.168.0.104,HTTP,270,131.00,0
6657,79.395705,192.168.0.103,192.168.0.104,HTTP,270,132.00,0
6665,79.508748,192.168.0.103,192.168.0.104,HTTP,270,132.00,0
6675,79.63354,192.168.0.103,192.168.0.104,HTTP,270,104.00,0
6684,79.748689,192.168.0.103,192.168.0.104,HTTP,269,24.00,0
6686,79.758975,192.168.0.107,192.168.0.104,ICMP,74,-1,2
6687,79.759029,192.168.0.104,192.168.0.107,ICMP,74,-1,2
6695,79.84890899999999,192.168.0.103,192.168.0.104,HTTP,269,18.00,0
6704,79.963939,192.168.0.103,192.168.0.104,HTTP,269,15.00,0
6706,79.993995,192.168.0.107,192.168.0.104,ICMP,74,-1,2
6707,79.99405300000001,192.168.0.104,192.168.0.107,ICMP,74,-1,2
6714,80.095897,192.168.0.103,192.168.0.104,HTTP,269,15.00,0
6716,80.12653,192.168.0.107,192.168.0.104,ICMP,74,-1,2
6717,80.12661700000001,192.168.0.104,192.168.0.107,ICMP,74,-1,2
6725,80.195735,192.168.0.103,192.168.0.104,HTTP,269,15.00,0
6726,80.196776,192.168.0.107,192.168.0.104,ICMP,74,-1,2
6727,80.196851,192.168.0.104,192.168.0.107,ICMP,74,-1,2
6737,80.304799,192.168.0.103,192.168.0.104,HTTP,270,134.00,0
6746,80.411959,192.168.0.103,192.168.0.104,HTTP,270,132.00,0
6756,80.531588,192.168.0.103,192.168.0.104,HTTP,269,16.00,0
6766,80.639651,192.168.0.103,192.168.0.104,HTTP,270,103.00,0
6775,80.758498,192.168.0.103,192.168.0.104,HTTP,270,132.00,0
6776,80.76651899999999,192.168.0.107,192.168.0.104,ICMP,74,-1,2
6777,80.766593,192.168.0.104,192.168.0.107,ICMP,74,-1,2
6787,80.868264,192.168.0.103,192.168.0.104,HTTP,270,107.00,0
6796,80.98334200000001,192.168.0.103,192.168.0.104,HTTP,270,110.00,0
6797,80.999131,192.168.0.107,192.168.0.104,ICMP,74,-1,2
6798,80.999253,192.168.0.104,192.168.0.107,ICMP,74,-1,2
6807,81.094701,192.168.0.103,192.168.0.104,HTTP,270,109.00,0
6810,81.144953,192.168.0.107,192.168.0.104,ICMP,74,-1,2
6811,81.14501,192.168.0.104,192.168.0.107,ICMP,74,-1,2
6821,81.22149300000001,192.168.0.107,192.168.0.104,ICMP,74,-1,2
6822,81.221579,192.168.0.104,192.168.0.107,ICMP,74,-1,2
6823,81.22296,192.168.0.103,192.168.0.104,HTTP,270,109.00,0
6840,81.326775,192.168.0.103,192.168.0.104,HTTP,270,109.00,0
6852,81.441466,192.168.0.103,192.168.0.104,HTTP,269,14.00,0
6862,81.566194,192.168.0.103,192.168.0.104,HTTP,269,15.00,0
6874,81.66543399999999,192.168.0.103,192.168.0.104,HTTP,270,105.00,0
6883,81.773036,192.168.0.103,192.168.0.104,HTTP,269,18.00,0
6885,81.786641,192.168.0.107,192.168.0.104,ICMP,74,-1,2
6886,81.786711,192.168.0.104,192.168.0.107,ICMP,74,-1,2
6894,81.887615,192.168.0.103,192.168.0.104,HTTP,270,103.00,0
6903,82.004347,192.168.0.103,192.168.0.104,HTTP,270,132.00,0
6905,82.02810799999999,192.168.0.107,192.168.0.104,ICMP,74,-1,2
6906,82.028205,192.168.0.104,192.168.0.107,ICMP,74,-1,2
6912,82.124402,192.168.0.103,192.168.0.104,HTTP,270,132.00,0
6915,82.149683,192.168.0.107,192.168.0.104,ICMP,74,-1,2
6916,82.149743,192.168.0.104,192.168.0.107,ICMP,74,-1,2
6924,82.239048,192.168.0.107,192.168.0.104,ICMP,74,-1,2
6925,82.239209,192.168.0.104,192.168.0.107,ICMP,74,-1,2
6927,82.242993,192.168.0.103,192.168.0.104,HTTP,270,131.00,0
6936,82.341391,192.168.0.103,192.168.0.104,HTTP,270,131.00,0
6945,82.459582,192.168.0.103,192.168.0.104,HTTP,270,130.00,0
6955,82.57222800000001,192.168.0.103,192.168.0.104,HTTP,270,130.00,0
6965,82.676552,192.168.0.103,192.168.0.104,HTTP,270,130.00,0
6975,82.792807,192.168.0.103,192.168.0.104,HTTP,270,132.00,0
6977,82.808525,192.168.0.107,192.168.0.104,ICMP,74,-1,2
6978,82.808591,192.168.0.104,192.168.0.107,ICMP,74,-1,2
6986,82.921306,192.168.0.103,192.168.0.104,HTTP,270,111.00,0
6994,83.020634,192.168.0.107,192.168.0.104,ICMP,74,-1,2
6995,83.020753,192.168.0.104,192.168.0.107,ICMP,74,-1,2
6997,83.026002,192.168.0.103,192.168.0.104,HTTP,270,109.00,0
7006,83.170334,192.168.0.103,192.168.0.104,HTTP,270,130.00,0
7008,83.278511,192.168.0.107,192.168.0.104,ICMP,74,-1,2
7011,83.278513,192.168.0.107,192.168.0.104,ICMP,74,-1,2
7012,83.278604,192.168.0.104,192.168.0.107,ICMP,74,-1,2
7016,83.278772,192.168.0.104,192.168.0.107,ICMP,74,-1,2
7018,83.299201,192.168.0.103,192.168.0.104,HTTP,270,107.00,0
7028,83.370879,192.168.0.103,192.168.0.104,HTTP,270,108.00,0
7037,83.487424,192.168.0.103,192.168.0.104,HTTP,270,102.00,0
7047,83.620065,192.168.0.103,192.168.0.104,HTTP,269,22.00,0
7056,83.708747,192.168.0.103,192.168.0.104,HTTP,269,18.00,0
7065,83.816797,192.168.0.103,192.168.0.104,HTTP,269,17.00,0
7067,83.82902,192.168.0.107,192.168.0.104,ICMP,74,-1,2
7068,83.829086,192.168.0.104,192.168.0.107,ICMP,74,-1,2
7075,83.939725,192.168.0.103,192.168.0.104,HTTP,269,16.00,0
7085,84.04334200000001,192.168.0.107,192.168.0.104,ICMP,74,-1,2
7086,84.04343100000001,192.168.0.104,192.168.0.107,ICMP,74,-1,2
7087,84.045,192.168.0.103,192.168.0.104,HTTP,269,17.00,0
7096,84.155912,192.168.0.103,192.168.0.104,HTTP,269,19.00,0
7099,84.206749,192.168.0.107,192.168.0.104,ICMP,74,-1,2
7100,84.206835,192.168.0.104,192.168.0.107,ICMP,74,-1,2
7108,84.263267,192.168.0.103,192.168.0.104,HTTP,269,18.00,0
7111,84.28093199999999,192.168.0.107,192.168.0.104,ICMP,74,-1,2
7112,84.28099300000001,192.168.0.104,192.168.0.107,ICMP,74,-1,2
7122,84.38726700000001,192.168.0.103,192.168.0.104,HTTP,269,16.00,0
7123,84.393727,192.168.0.107,192.168.0.104,ICMP,74,-1,2
7124,84.393792,192.168.0.104,192.168.0.107,ICMP,74,-1,2
7133,84.501563,192.168.0.103,192.168.0.104,HTTP,269,18.00,0
7142,84.606165,192.168.0.103,192.168.0.104,HTTP,269,17.00,0
7153,84.720248,192.168.0.103,192.168.0.104,HTTP,269,16.00,0
7162,84.830776,192.168.0.103,192.168.0.104,HTTP,269,16.00,0
7163,84.845547,192.168.0.107,192.168.0.104,ICMP,74,-1,2
7164,84.845629,192.168.0.104,192.168.0.107,ICMP,74,-1,2
7173,84.955833,192.168.0.103,192.168.0.104,HTTP,269,16.00,0
7182,85.04855699999999,192.168.0.103,192.168.0.104,HTTP,269,15.00,0
7184,85.108317,192.168.0.107,192.168.0.104,ICMP,74,-1,2
7185,85.108405,192.168.0.104,192.168.0.107,ICMP,74,-1,2
7193,85.164823,192.168.0.103,192.168.0.104,HTTP,269,16.00,0
7195,85.212375,192.168.0.107,192.168.0.104,ICMP,74,-1,2
7196,85.21244300000001,192.168.0.104,192.168.0.107,ICMP,74,-1,2
7204,85.27887199999999,192.168.0.103,192.168.0.104,HTTP,269,16.00,0
7206,85.344368,192.168.0.107,192.168.0.104,ICMP,74,-1,2
7207,85.344454,192.168.0.104,192.168.0.107,ICMP,74,-1,2
7215,85.388504,192.168.0.103,192.168.0.104,HTTP,269,16.00,0
7217,85.414698,192.168.0.107,192.168.0.104,ICMP,74,-1,2
7218,85.41477900000001,192.168.0.104,192.168.0.107,ICMP,74,-1,2
7227,85.511043,192.168.0.103,192.168.0.104,HTTP,269,16.00,0
7235,85.64854,192.168.0.103,192.168.0.104,HTTP,269,17.00,0
7244,85.737926,192.168.0.103,192.168.0.104,HTTP,269,18.00,0
7253,85.839206,192.168.0.103,192.168.0.104,HTTP,269,18.00,0
7255,85.86573100000001,192.168.0.107,192.168.0.104,ICMP,74,-1,2
7256,85.865809,192.168.0.104,192.168.0.107,ICMP,74,-1,2
7265,85.964535,192.168.0.103,192.168.0.104,HTTP,269,20.00,0
7274,86.070301,192.168.0.103,192.168.0.104,HTTP,270,104.00,0
7276,86.085029,192.168.0.107,192.168.0.104,ICMP,74,-1,2
7277,86.08511,192.168.0.104,192.168.0.107,ICMP,74,-1,2
7286,86.188248,192.168.0.103,192.168.0.104,HTTP,270,111.00,0
7288,86.23143,192.168.0.107,192.168.0.104,ICMP,74,-1,2
7289,86.231486,192.168.0.104,192.168.0.107,ICMP,74,-1,2
7297,86.29871800000001,192.168.0.103,192.168.0.104,HTTP,270,106.00,0
7299,86.392162,192.168.0.107,192.168.0.104,ICMP,74,-1,2
7300,86.39222099999999,192.168.0.104,192.168.0.107,ICMP,74,-1,2
7308,86.415494,192.168.0.103,192.168.0.104,HTTP,270,114.00,0
7310,86.432693,192.168.0.107,192.168.0.104,ICMP,74,-1,2
7311,86.43275600000001,192.168.0.104,192.168.0.107,ICMP,74,-1,2
7319,86.532321,192.168.0.103,192.168.0.104,HTTP,270,113.00,0
7326,86.652125,192.168.0.103,192.168.0.104,HTTP,270,116.00,0
7337,86.747807,192.168.0.103,192.168.0.104,HTTP,270,131.00,0
7346,86.867068,192.168.0.103,192.168.0.104,HTTP,270,133.00,0
7348,86.891442,192.168.0.107,192.168.0.104,ICMP,74,-1,2
7349,86.891515,192.168.0.104,192.168.0.107,ICMP,74,-1,2
7357,86.979803,192.168.0.103,192.168.0.104,HTTP,270,131.00,0
7364,87.091488,192.168.0.103,192.168.0.104,HTTP,270,131.00,0
7367,87.106247,192.168.0.107,192.168.0.104,ICMP,74,-1,2
7368,87.106307,192.168.0.104,192.168.0.107,ICMP,74,-1,2
7376,87.20977099999999,192.168.0.103,192.168.0.104,HTTP,270,133.00,0
7378,87.25361600000001,192.168.0.107,192.168.0.104,ICMP,74,-1,2
7379,87.253682,192.168.0.104,192.168.0.107,ICMP,74,-1,2
7387,87.314339,192.168.0.103,192.168.0.104,HTTP,270,131.00,0
7389,87.407949,192.168.0.107,192.168.0.104,ICMP,74,-1,2
7390,87.408036,192.168.0.104,192.168.0.107,ICMP,74,-1,2
7396,87.45303100000001,192.168.0.107,192.168.0.104,ICMP,74,-1,2
7397,87.453152,192.168.0.104,192.168.0.107,ICMP,74,-1,2
7400,87.457732,192.168.0.103,192.168.0.104,HTTP,270,132.00,0
7409,87.541965,192.168.0.103,192.168.0.104,HTTP,270,131.00,0
7418,87.665435,192.168.0.103,192.168.0.104,HTTP,270,131.00,0
7427,87.781942,192.168.0.103,192.168.0.104,HTTP,270,131.00,0
7436,87.883063,192.168.0.103,192.168.0.104,HTTP,270,131.00,0
7438,87.909302,192.168.0.107,192.168.0.104,ICMP,74,-1,2
7439,87.909369,192.168.0.104,192.168.0.107,ICMP,74,-1,2
7447,88.003002,192.168.0.103,192.168.0.104,HTTP,270,132.00,0
7454,88.109438,192.168.0.103,192.168.0.104,HTTP,270,131.00,0
7457,88.138665,192.168.0.107,192.168.0.104,ICMP,74,-1,2
7458,88.138739,192.168.0.104,192.168.0.107,ICMP,74,-1,2
7466,88.221568,192.168.0.103,192.168.0.104,HTTP,270,117.00,0
7470,88.274895,192.168.0.107,192.168.0.104,ICMP,74,-1,2
7471,88.274955,192.168.0.104,192.168.0.107,ICMP,74,-1,2
7486,88.343138,192.168.0.103,192.168.0.104,HTTP,270,132.00,0
7494,88.429969,192.168.0.107,192.168.0.104,ICMP,74,-1,2
7495,88.430027,192.168.0.104,192.168.0.107,ICMP,74,-1,2
7503,88.45363499999999,192.168.0.103,192.168.0.104,HTTP,270,131.00,0
7504,88.460396,192.168.0.107,192.168.0.104,ICMP,74,-1,2
7505,88.46046,192.168.0.104,192.168.0.107,ICMP,74,-1,2
7514,88.563347,192.168.0.103,192.168.0.104,HTTP,270,110.00,0
7523,88.70813100000001,192.168.0.103,192.168.0.104,HTTP,269,21.00,0
7530,88.890351,192.168.0.103,192.168.0.104,HTTP,269,20.00,0
7533,88.935216,192.168.0.107,192.168.0.104,ICMP,74,-1,2
7534,88.935294,192.168.0.104,192.168.0.107,ICMP,74,-1,2
7542,88.96089,192.168.0.103,192.168.0.104,HTTP,269,18.00,0
7551,89.060796,192.168.0.103,192.168.0.104,HTTP,269,19.00,0
7553,89.148597,192.168.0.107,192.168.0.104,ICMP,74,-1,2
7554,89.148667,192.168.0.104,192.168.0.107,ICMP,74,-1,2
7562,89.164534,192.168.0.103,192.168.0.104,HTTP,270,110.00,0
7571,89.280553,192.168.0.103,192.168.0.104,HTTP,269,17.00,0
7573,89.302504,192.168.0.107,192.168.0.104,ICMP,74,-1,2
7574,89.30256899999999,192.168.0.104,192.168.0.107,ICMP,74,-1,2
7583,89.385864,192.168.0.103,192.168.0.104,HTTP,269,17.00,0
7586,89.44917,192.168.0.107,192.168.0.104,ICMP,74,-1,2
7587,89.449276,192.168.0.104,192.168.0.107,ICMP,74,-1,2
7588,89.480069,192.168.0.107,192.168.0.104,ICMP,74,-1,2
7589,89.480192,192.168.0.104,192.168.0.107,ICMP,74,-1,2
7597,89.515086,192.168.0.103,192.168.0.104,HTTP,269,17.00,0
7606,89.614226,192.168.0.103,192.168.0.104,HTTP,269,17.00,0
7615,89.731065,192.168.0.103,192.168.0.104,HTTP,269,17.00,0
7624,89.840488,192.168.0.103,192.168.0.104,HTTP,269,17.00,0
7631,89.952586,192.168.0.107,192.168.0.104,ICMP,74,-1,2
7632,89.952648,192.168.0.104,192.168.0.107,ICMP,74,-1,2
7635,89.959451,192.168.0.103,192.168.0.104,HTTP,269,18.00,0
7644,90.064691,192.168.0.103,192.168.0.104,HTTP,269,19.00,0
7652,90.170271,192.168.0.107,192.168.0.104,ICMP,74,-1,2
7653,90.170333,192.168.0.104,192.168.0.107,ICMP,74,-1,2
7656,90.177461,192.168.0.103,192.168.0.104,HTTP,269,18.00,0
7665,90.298397,192.168.0.103,192.168.0.104,HTTP,269,17.00,0
7667,90.322172,192.168.0.107,192.168.0.104,ICMP,74,-1,2
7668,90.322232,192.168.0.104,192.168.0.107,ICMP,74,-1,2
7676,90.402487,192.168.0.103,192.168.0.104,HTTP,269,18.00,0
7678,90.468127,192.168.0.107,192.168.0.104,ICMP,74,-1,2
7679,90.468192,192.168.0.104,192.168.0.107,ICMP,74,-1,2
7686,90.51493,192.168.0.107,192.168.0.104,ICMP,74,-1,2
7687,90.51501400000001,192.168.0.104,192.168.0.107,ICMP,74,-1,2
7690,90.528552,192.168.0.103,192.168.0.104,HTTP,269,17.00,0
7699,90.635345,192.168.0.103,192.168.0.104,HTTP,269,18.00,0
7709,90.740048,192.168.0.103,192.168.0.104,HTTP,269,17.00,0
7718,90.85463,192.168.0.103,192.168.0.104,HTTP,269,19.00,0
7728,90.96565600000001,192.168.0.103,192.168.0.104,HTTP,270,105.00,0
7729,90.97176400000001,192.168.0.107,192.168.0.104,ICMP,74,-1,2
7730,90.971861,192.168.0.104,192.168.0.107,ICMP,74,-1,2
7739,91.079099,192.168.0.103,192.168.0.104,HTTP,269,18.00,0
7747,91.189752,192.168.0.103,192.168.0.104,HTTP,270,101.00,0
7748,91.192462,192.168.0.107,192.168.0.104,ICMP,74,-1,2
7749,91.192524,192.168.0.104,192.168.0.107,ICMP,74,-1,2
7759,91.30703100000001,192.168.0.103,192.168.0.104,HTTP,270,110.00,0
7761,91.341255,192.168.0.107,192.168.0.104,ICMP,74,-1,2
7762,91.34131500000001,192.168.0.104,192.168.0.107,ICMP,74,-1,2
7770,91.41741800000001,192.168.0.103,192.168.0.104,HTTP,269,17.00,0
7773,91.490728,192.168.0.107,192.168.0.104,ICMP,74,-1,2
7774,91.490813,192.168.0.104,192.168.0.107,ICMP,74,-1,2
7780,91.526204,192.168.0.107,192.168.0.104,ICMP,74,-1,2
7781,91.52628,192.168.0.104,192.168.0.107,ICMP,74,-1,2
7784,91.533098,192.168.0.103,192.168.0.104,HTTP,269,16.00,0
7791,91.650829,192.168.0.103,192.168.0.104,HTTP,269,25.00,0
7801,91.77812800000001,192.168.0.103,192.168.0.104,HTTP,270,107.00,0
7810,91.876039,192.168.0.103,192.168.0.104,HTTP,270,131.00,0
7819,91.98529,192.168.0.103,192.168.0.104,HTTP,270,131.00,0
7820,91.994209,192.168.0.107,192.168.0.104,ICMP,74,-1,2
7821,91.994324,192.168.0.104,192.168.0.107,ICMP,74,-1,2
7831,92.102641,192.168.0.103,192.168.0.104,HTTP,270,130.00,0
7838,92.21236800000001,192.168.0.103,192.168.0.104,HTTP,270,131.00,0
7840,92.21714899999999,192.168.0.107,192.168.0.104,ICMP,74,-1,2
7841,92.217252,192.168.0.104,192.168.0.107,ICMP,74,-1,2
7851,92.32129300000001,192.168.0.103,192.168.0.104,HTTP,270,131.00,0
7853,92.364914,192.168.0.107,192.168.0.104,ICMP,74,-1,2
7854,92.364986,192.168.0.104,192.168.0.107,ICMP,74,-1,2
7862,92.43795300000001,192.168.0.103,192.168.0.104,HTTP,270,132.00,0
7864,92.515781,192.168.0.107,192.168.0.104,ICMP,74,-1,2
7865,92.515856,192.168.0.104,192.168.0.107,ICMP,74,-1,2
7871,92.553661,192.168.0.107,192.168.0.104,ICMP,74,-1,2
7872,92.553727,192.168.0.104,192.168.0.107,ICMP,74,-1,2
7875,92.58599,192.168.0.103,192.168.0.104,HTTP,270,132.00,0
7884,92.679736,192.168.0.103,192.168.0.104,HTTP,270,131.00,0
7893,92.788985,192.168.0.103,192.168.0.104,HTTP,270,131.00,0
7902,92.894571,192.168.0.103,192.168.0.104,HTTP,270,131.00,0
7911,93.015788,192.168.0.103,192.168.0.104,HTTP,270,132.00,0
7912,93.018936,192.168.0.107,192.168.0.104,ICMP,74,-1,2
7913,93.019044,192.168.0.104,192.168.0.107,ICMP,74,-1,2
7923,93.132085,192.168.0.103,192.168.0.104,HTTP,270,131.00,0
7932,93.235535,192.168.0.103,192.168.0.104,HTTP,270,131.00,0
7933,93.239397,192.168.0.107,192.168.0.104,ICMP,74,-1,2
7934,93.239475,192.168.0.104,192.168.0.107,ICMP,74,-1,2
7943,93.34385999999999,192.168.0.103,192.168.0.104,HTTP,270,131.00,0
7945,93.38185,192.168.0.107,192.168.0.104,ICMP,74,-1,2
7946,93.38193299999999,192.168.0.104,192.168.0.107,ICMP,74,-1,2
7954,93.451295,192.168.0.103,192.168.0.104,HTTP,270,109.00,0
7956,93.534347,192.168.0.107,192.168.0.104,ICMP,74,-1,2
7957,93.534414,192.168.0.104,192.168.0.107,ICMP,74,-1,2
7964,93.567994,192.168.0.107,192.168.0.104,ICMP,74,-1,2
7965,93.56805899999999,192.168.0.104,192.168.0.107,ICMP,74,-1,2
7967,93.583774,192.168.0.103,192.168.0.104,HTTP,270,115.00,0
7977,93.702252,192.168.0.103,192.168.0.104,HTTP,269,15.00,0
7986,93.80424599999999,192.168.0.103,192.168.0.104,HTTP,269,14.00,0
7996,93.913097,192.168.0.103,192.168.0.104,HTTP,269,14.00,0
8005,94.03580500000001,192.168.0.107,192.168.0.104,ICMP,74,-1,2
8006,94.035961,192.168.0.104,192.168.0.107,ICMP,74,-1,2
8007,94.037683,192.168.0.103,192.168.0.104,HTTP,270,107.00,0
8016,94.147226,192.168.0.103,192.168.0.104,HTTP,269,27.00,0
8022,94.252028,192.168.0.107,192.168.0.104,ICMP,74,-1,2
8023,94.252101,192.168.0.104,192.168.0.107,ICMP,74,-1,2
8027,94.265591,192.168.0.103,192.168.0.104,HTTP,270,106.00,0
8036,94.380201,192.168.0.103,192.168.0.104,HTTP,270,111.00,0
8039,94.399279,192.168.0.107,192.168.0.104,ICMP,74,-1,2
8040,94.399374,192.168.0.104,192.168.0.107,ICMP,74,-1,2
8049,94.49596700000001,192.168.0.103,192.168.0.104,HTTP,269,19.00,0
8053,94.553037,192.168.0.107,192.168.0.104,ICMP,74,-1,2
8054,94.553108,192.168.0.104,192.168.0.107,ICMP,74,-1,2
8059,94.584822,192.168.0.107,192.168.0.104,ICMP,74,-1,2
8060,94.58489499999999,192.168.0.104,192.168.0.107,ICMP,74,-1,2
8064,94.606377,192.168.0.103,192.168.0.104,HTTP,269,15.00,0
8073,94.727437,192.168.0.103,192.168.0.104,HTTP,269,16.00,0
8082,94.833089,192.168.0.103,192.168.0.104,HTTP,269,21.00,0
8091,94.95079,192.168.0.103,192.168.0.104,HTTP,270,105.00,0
8097,95.061791,192.168.0.107,192.168.0.104,ICMP,74,-1,2
8098,95.061916,192.168.0.104,192.168.0.107,ICMP,74,-1,2
8101,95.06721,192.168.0.107,192.168.0.104,ICMP,74,-1,2
8102,95.06724799999999,192.168.0.104,192.168.0.107,ICMP,74,-1,2
8104,95.075303,192.168.0.103,192.168.0.104,HTTP,270,112.00,0
8113,95.190602,192.168.0.103,192.168.0.104,HTTP,270,132.00,0
8119,95.275121,192.168.0.107,192.168.0.104,ICMP,74,-1,2
8120,95.275327,192.168.0.104,192.168.0.107,ICMP,74,-1,2
8124,95.315538,192.168.0.103,192.168.0.104,HTTP,270,132.00,0
8132,95.436577,192.168.0.107,192.168.0.104,ICMP,74,-1,2
8133,95.436677,192.168.0.104,192.168.0.107,ICMP,74,-1,2
8135,95.447103,192.168.0.103,192.168.0.104,HTTP,270,131.00,0
8145,95.563034,192.168.0.103,192.168.0.104,HTTP,270,131.00,0
8146,95.575571,192.168.0.107,192.168.0.104,ICMP,74,-1,2
8147,95.575659,192.168.0.104,192.168.0.107,ICMP,74,-1,2
8149,95.579977,192.168.0.107,192.168.0.104,ICMP,74,-1,2
8150,95.580007,192.168.0.104,192.168.0.107,ICMP,74,-1,2
8151,95.588936,192.168.0.107,192.168.0.104,ICMP,74,-1,2
8152,95.588973,192.168.0.104,192.168.0.107,ICMP,74,-1,2
8156,95.61259799999999,192.168.0.107,192.168.0.104,ICMP,74,-1,2
8157,95.612658,192.168.0.104,192.168.0.107,ICMP,74,-1,2
8162,95.674509,192.168.0.103,192.168.0.104,HTTP,270,132.00,0
8171,95.800885,192.168.0.103,192.168.0.104,HTTP,270,131.00,0
8180,95.921018,192.168.0.103,192.168.0.104,HTTP,270,132.00,0
8189,96.050692,192.168.0.103,192.168.0.104,HTTP,270,131.00,0
8191,96.078361,192.168.0.107,192.168.0.104,ICMP,74,-1,2
8192,96.078455,192.168.0.104,192.168.0.107,ICMP,74,-1,2
8201,96.16156600000001,192.168.0.103,192.168.0.104,HTTP,270,132.00,0
8218,96.282402,192.168.0.103,192.168.0.104,HTTP,270,131.00,0
8220,96.298856,192.168.0.107,192.168.0.104,ICMP,74,-1,2
8221,96.29894499999999,192.168.0.104,192.168.0.107,ICMP,74,-1,2
8231,96.401156,192.168.0.103,192.168.0.104,HTTP,270,131.00,0
8237,96.448509,192.168.0.107,192.168.0.104,ICMP,74,-1,2
8238,96.448623,192.168.0.104,192.168.0.107,ICMP,74,-1,2
8248,96.52993599999999,192.168.0.103,192.168.0.104,HTTP,270,131.00,0
8255,96.5949,192.168.0.107,192.168.0.104,ICMP,74,-1,2
8256,96.59496,192.168.0.104,192.168.0.107,ICMP,74,-1,2
8257,96.633563,192.168.0.107,192.168.0.104,ICMP,74,-1,2
8258,96.63363100000001,192.168.0.104,192.168.0.107,ICMP,74,-1,2
8263,96.648955,192.168.0.103,192.168.0.104,HTTP,270,132.00,0
8272,96.77704200000001,192.168.0.103,192.168.0.104,HTTP,270,130.00,0
8281,96.89443100000001,192.168.0.103,192.168.0.104,HTTP,270,131.00,0
8290,97.014175,192.168.0.103,192.168.0.104,HTTP,270,131.00,0
8296,97.096937,192.168.0.107,192.168.0.104,ICMP,74,-1,2
8297,97.097036,192.168.0.104,192.168.0.107,ICMP,74,-1,2
8301,97.130774,192.168.0.103,192.168.0.104,HTTP,270,132.00,0
8310,97.252661,192.168.0.103,192.168.0.104,HTTP,270,130.00,0
8316,97.31394300000001,192.168.0.107,192.168.0.104,ICMP,74,-1,2
8317,97.31401899999999,192.168.0.104,192.168.0.107,ICMP,74,-1,2
8321,97.387214,192.168.0.103,192.168.0.104,HTTP,270,132.00,0
8327,97.47873299999999,192.168.0.107,192.168.0.104,ICMP,74,-1,2
8328,97.478815,192.168.0.104,192.168.0.107,ICMP,74,-1,2
8332,97.49812299999999,192.168.0.103,192.168.0.104,HTTP,270,132.00,0
8338,97.60223,192.168.0.107,192.168.0.104,ICMP,74,-1,2
8339,97.60229100000001,192.168.0.104,192.168.0.107,ICMP,74,-1,2
8343,97.619745,192.168.0.103,192.168.0.104,HTTP,270,131.00,0
8345,97.640163,192.168.0.107,192.168.0.104,ICMP,74,-1,2
8346,97.640221,192.168.0.104,192.168.0.107,ICMP,74,-1,2
8354,97.73733399999999,192.168.0.103,192.168.0.104,HTTP,270,131.00,0
8363,97.859352,192.168.0.103,192.168.0.104,HTTP,270,131.00,0
8372,97.98435699999999,192.168.0.103,192.168.0.104,HTTP,270,132.00,0
8381,98.107869,192.168.0.103,192.168.0.104,HTTP,270,133.00,0
8382,98.120232,192.168.0.107,192.168.0.104,ICMP,74,-1,2
8383,98.120355,192.168.0.104,192.168.0.107,ICMP,74,-1,2
8392,98.223599,192.168.0.103,192.168.0.104,HTTP,270,132.00,0
8398,98.33649100000001,192.168.0.107,192.168.0.104,ICMP,74,-1,2
8399,98.33656500000001,192.168.0.104,192.168.0.107,ICMP,74,-1,2
8403,98.358254,192.168.0.103,192.168.0.104,HTTP,270,132.00,0
8412,98.46804,192.168.0.103,192.168.0.104,HTTP,270,132.00,0
8417,98.517137,192.168.0.107,192.168.0.104,ICMP,74,-1,2
8418,98.517222,192.168.0.104,192.168.0.107,ICMP,74,-1,2
8423,98.58693199999999,192.168.0.103,192.168.0.104,HTTP,270,131.00,0
8428,98.62256,192.168.0.107,192.168.0.104,ICMP,74,-1,2
8429,98.622618,192.168.0.104,192.168.0.107,ICMP,74,-1,2
8431,98.65083100000001,192.168.0.107,192.168.0.104,ICMP,74,-1,2
8432,98.650898,192.168.0.104,192.168.0.107,ICMP,74,-1,2
8436,98.72777099999999,192.168.0.103,192.168.0.104,HTTP,270,131.00,0
8445,98.828556,192.168.0.103,192.168.0.104,HTTP,270,132.00,0
8454,98.952495,192.168.0.103,192.168.0.104,HTTP,270,131.00,0
8464,99.074023,192.168.0.103,192.168.0.104,HTTP,270,132.00,0
8470,99.135615,192.168.0.107,192.168.0.104,ICMP,74,-1,2
8471,99.135722,192.168.0.104,192.168.0.107,ICMP,74,-1,2
8475,99.191968,192.168.0.103,192.168.0.104,HTTP,270,130.00,0
8484,99.317776,192.168.0.103,192.168.0.104,HTTP,270,130.00,0
8489,99.353465,192.168.0.107,192.168.0.104,ICMP,74,-1,2
8490,99.353571,192.168.0.104,192.168.0.107,ICMP,74,-1,2
8496,99.44544599999999,192.168.0.103,192.168.0.104,HTTP,270,131.00,0
8502,99.526739,192.168.0.107,192.168.0.104,ICMP,74,-1,2
8503,99.526842,192.168.0.104,192.168.0.107,ICMP,74,-1,2
8507,99.56567199999999,192.168.0.103,192.168.0.104,HTTP,270,131.00,0
8516,99.682959,192.168.0.103,192.168.0.104,HTTP,270,131.00,0
8525,99.801799,192.168.0.103,192.168.0.104,HTTP,270,132.00,0
8534,99.924,192.168.0.103,192.168.0.104,HTTP,270,132.00,0
8543,100.054715,192.168.0.103,192.168.0.104,HTTP,270,131.00,0
8552,100.1664,192.168.0.103,192.168.0.104,HTTP,270,132.00,0
8561,100.28770300000001,192.168.0.103,192.168.0.104,HTTP,270,131.00,0
8570,100.406338,192.168.0.103,192.168.0.104,HTTP,270,116.00,0
8580,100.516717,192.168.0.103,192.168.0.104,HTTP,269,22.00,0
8589,100.640378,192.168.0.103,192.168.0.104,HTTP,270,102.00,0
8598,100.750297,192.168.0.103,192.168.0.104,HTTP,269,20.00,0
8607,100.86664499999999,192.168.0.103,192.168.0.104,HTTP,269,21.00,0
8616,100.97565300000001,192.168.0.103,192.168.0.104,HTTP,269,19.00,0
8658,101.159081,192.168.0.103,192.168.0.104,HTTP,269,18.00,0
8667,101.220702,192.168.0.103,192.168.0.104,HTTP,269,18.00,0
8676,101.317036,192.168.0.103,192.168.0.104,HTTP,269,19.00,0
8685,101.424207,192.168.0.103,192.168.0.104,HTTP,269,20.00,0
8694,101.537853,192.168.0.103,192.168.0.104,HTTP,269,21.00,0
8703,101.648915,192.168.0.103,192.168.0.104,HTTP,269,23.00,0
8712,101.763699,192.168.0.103,192.168.0.104,HTTP,269,24.00,0
8721,101.88239300000001,192.168.0.103,192.168.0.104,HTTP,269,21.00,0
8730,101.99604599999999,192.168.0.103,192.168.0.104,HTTP,269,22.00,0
8739,102.111049,192.168.0.103,192.168.0.104,HTTP,270,130.00,0
8748,102.230789,192.168.0.103,192.168.0.104,HTTP,269,96.00,0
8758,102.347091,192.168.0.103,192.168.0.104,HTTP,270,107.00,0
8767,102.47094399999999,192.168.0.103,192.168.0.104,HTTP,270,124.00,0
8776,102.576387,192.168.0.103,192.168.0.104,HTTP,269,19.00,0
8785,102.697352,192.168.0.103,192.168.0.104,HTTP,269,21.00,0
8794,102.8179,192.168.0.103,192.168.0.104,HTTP,270,132.00,0
8803,102.933162,192.168.0.103,192.168.0.104,HTTP,270,132.00,0
8812,103.05969300000001,192.168.0.103,192.168.0.104,HTTP,270,131.00,0
8821,103.180815,192.168.0.103,192.168.0.104,HTTP,270,131.00,0
8830,103.310045,192.168.0.103,192.168.0.104,HTTP,270,133.00,0
8841,103.431133,192.168.0.103,192.168.0.104,HTTP,270,131.00,0
8850,103.540462,192.168.0.103,192.168.0.104,HTTP,270,131.00,0
8859,103.66075,192.168.0.103,192.168.0.104,HTTP,270,131.00,0
8868,103.78957199999999,192.168.0.103,192.168.0.104,HTTP,270,131.00,0
8877,103.919798,192.168.0.103,192.168.0.104,HTTP,270,133.00,0
8886,104.040175,192.168.0.103,192.168.0.104,HTTP,270,132.00,0
8895,104.15106899999999,192.168.0.103,192.168.0.104,HTTP,270,132.00,0
8904,104.271286,192.168.0.103,192.168.0.104,HTTP,270,131.00,0
8914,104.391561,192.168.0.103,192.168.0.104,HTTP,270,131.00,0
8923,104.513543,192.168.0.103,192.168.0.104,HTTP,270,131.00,0
8932,104.632011,192.168.0.103,192.168.0.104,HTTP,270,132.00,0
8941,104.78781,192.168.0.103,192.168.0.104,HTTP,270,131.00,0
8950,104.875449,192.168.0.103,192.168.0.104,HTTP,270,132.00,0
8959,104.999981,192.168.0.103,192.168.0.104,HTTP,270,132.00,0
8968,105.11694399999999,192.168.0.103,192.168.0.104,HTTP,270,131.00,0
8980,105.23898100000001,192.168.0.103,192.168.0.104,HTTP,270,131.00,0
8989,105.36928700000001,192.168.0.103,192.168.0.104,HTTP,270,132.00,0
9001,105.482555,192.168.0.103,192.168.0.104,HTTP,270,131.00,0
9010,105.603374,192.168.0.103,192.168.0.104,HTTP,270,132.00,0
9019,105.726358,192.168.0.103,192.168.0.104,HTTP,270,131.00,0
9029,105.842827,192.168.0.103,192.168.0.104,HTTP,270,131.00,0
9039,106.015254,192.168.0.103,192.168.0.104,HTTP,270,131.00,0
9048,106.093352,192.168.0.103,192.168.0.104,HTTP,270,131.00,0
9058,106.207213,192.168.0.103,192.168.0.104,HTTP,270,131.00,0
9067,106.33148600000001,192.168.0.103,192.168.0.104,HTTP,270,131.00,0
9076,106.45043799999999,192.168.0.103,192.168.0.104,HTTP,270,131.00,0
9085,106.570829,192.168.0.103,192.168.0.104,HTTP,270,131.00,0
9094,106.702676,192.168.0.103,192.168.0.104,HTTP,270,132.00,0
9103,106.823081,192.168.0.103,192.168.0.104,HTTP,270,131.00,0
9112,106.93528799999999,192.168.0.103,192.168.0.104,HTTP,270,131.00,0
9121,107.062468,192.168.0.103,192.168.0.104,HTTP,270,131.00,0
9130,107.179341,192.168.0.103,192.168.0.104,HTTP,270,131.00,0
9139,107.30053799999999,192.168.0.103,192.168.0.104,HTTP,270,132.00,0
9148,107.44032,192.168.0.103,192.168.0.104,HTTP,270,132.00,0
9157,107.548645,192.168.0.103,192.168.0.104,HTTP,270,131.00,0
9166,107.673855,192.168.0.103,192.168.0.104,HTTP,270,131.00,0
9175,107.784631,192.168.0.103,192.168.0.104,HTTP,270,131.00,0
9184,107.91366399999998,192.168.0.103,192.168.0.104,HTTP,270,131.00,0
9193,108.03821699999999,192.168.0.103,192.168.0.104,HTTP,270,132.00,0
9202,108.14945800000001,192.168.0.103,192.168.0.104,HTTP,270,131.00,0
9211,108.29763500000001,192.168.0.103,192.168.0.104,HTTP,270,131.00,0
9220,108.41396200000001,192.168.0.103,192.168.0.104,HTTP,270,131.00,0
9229,108.51567299999999,192.168.0.103,192.168.0.104,HTTP,270,132.00,0
9238,108.634428,192.168.0.103,192.168.0.104,HTTP,270,131.00,0
9247,108.75991699999999,192.168.0.103,192.168.0.104,HTTP,270,132.00,0
9256,108.87608999999999,192.168.0.103,192.168.0.104,HTTP,270,131.00,0
9265,109.00508899999998,192.168.0.103,192.168.0.104,HTTP,270,131.00,0
9274,109.12104199999999,192.168.0.103,192.168.0.104,HTTP,270,111.00,0
9283,109.23683600000001,192.168.0.103,192.168.0.104,HTTP,270,132.00,0
9292,109.36908600000001,192.168.0.103,192.168.0.104,HTTP,270,131.00,0
9302,109.482419,192.168.0.103,192.168.0.104,HTTP,270,131.00,0
9311,109.60293100000001,192.168.0.103,192.168.0.104,HTTP,270,132.00,0
9320,109.723781,192.168.0.103,192.168.0.104,HTTP,270,132.00,0
9331,110.53936999999999,192.168.0.103,192.168.0.104,HTTP,268,0.00,1
9345,111.330496,192.168.0.103,192.168.0.104,HTTP,268,0.00,1
9357,112.13231,192.168.0.103,192.168.0.104,HTTP,268,0.00,1
9366,112.93028999999999,192.168.0.103,192.168.0.104,HTTP,268,0.00,1
9375,113.72748999999999,192.168.0.103,192.168.0.104,HTTP,268,0.00,1
9387,114.55131399999999,192.168.0.103,192.168.0.104,HTTP,268,0.00,1
9396,115.34663,192.168.0.103,192.168.0.104,HTTP,268,0.00,1
9409,116.14048500000001,192.168.0.103,192.168.0.104,HTTP,268,0.00,1
9421,116.947294,192.168.0.103,192.168.0.104,HTTP,268,0.00,1
9430,117.738096,192.168.0.103,192.168.0.104,HTTP,268,0.00,1
9439,118.544123,192.168.0.103,192.168.0.104,HTTP,268,0.00,1
9448,119.33731200000001,192.168.0.103,192.168.0.104,HTTP,268,0.00,1
9458,120.13471799999999,192.168.0.103,192.168.0.104,HTTP,268,0.00,1
9469,121.086372,192.168.0.103,192.168.0.104,HTTP,268,0.00,1
9479,121.74342,192.168.0.103,192.168.0.104,HTTP,268,0.00,1
9488,122.557356,192.168.0.103,192.168.0.104,HTTP,268,0.00,1
9496,123.368973,192.168.0.103,192.168.0.104,HTTP,268,0.00,1
9504,124.277052,192.168.0.103,192.168.0.104,HTTP,268,0.00,1
9516,124.941383,192.168.0.103,192.168.0.104,HTTP,268,0.00,1
9531,126.75946,192.168.0.103,192.168.0.104,HTTP,268,0.00,1
9538,126.89333,192.168.0.103,192.168.0.104,HTTP,268,0.00,1
9548,127.35388,192.168.0.103,192.168.0.104,HTTP,268,0.00,1
9557,128.152406,192.168.0.103,192.168.0.104,HTTP,268,0.00,1
9569,129.898226,192.168.0.103,192.168.0.104,HTTP,270,131.00,0
9578,129.987202,192.168.0.103,192.168.0.104,HTTP,270,131.00,0
9587,130.11186999999998,192.168.0.103,192.168.0.104,HTTP,270,132.00,0
9596,130.22517,192.168.0.103,192.168.0.104,HTTP,270,131.00,0
9605,130.362268,192.168.0.103,192.168.0.104,HTTP,270,130.00,0
9615,130.482516,192.168.0.103,192.168.0.104,HTTP,270,131.00,0
9623,130.852063,192.168.0.103,192.168.0.104,HTTP,270,132.00,0
9633,130.934341,192.168.0.103,192.168.0.104,HTTP,270,132.00,0
9642,131.001577,192.168.0.103,192.168.0.104,HTTP,270,131.00,0
9649,131.10887,192.168.0.103,192.168.0.104,HTTP,270,131.00,0
9661,131.222679,192.168.0.103,192.168.0.104,HTTP,270,131.00,0
9668,131.33306100000001,192.168.0.103,192.168.0.104,HTTP,270,130.00,0
9678,131.457743,192.168.0.103,192.168.0.104,HTTP,270,131.00,0
9687,131.59016200000002,192.168.0.103,192.168.0.104,HTTP,270,130.00,0
9694,131.669466,192.168.0.103,192.168.0.104,HTTP,270,131.00,0
9703,131.79724299999998,192.168.0.103,192.168.0.104,HTTP,270,130.00,0
9711,131.900129,192.168.0.103,192.168.0.104,HTTP,270,131.00,0
9719,132.012132,192.168.0.103,192.168.0.104,HTTP,270,130.00,0
9729,132.123209,192.168.0.103,192.168.0.104,HTTP,270,130.00,0
9737,132.238474,192.168.0.103,192.168.0.104,HTTP,270,130.00,0
9746,132.344028,192.168.0.103,192.168.0.104,HTTP,270,131.00,0
9754,132.457258,192.168.0.103,192.168.0.104,HTTP,270,130.00,0
9762,132.597228,192.168.0.103,192.168.0.104,HTTP,270,130.00,0
9775,132.688603,192.168.0.103,192.168.0.104,HTTP,270,130.00,0
9784,132.799795,192.168.0.103,192.168.0.104,HTTP,270,132.00,0
9793,132.93014,192.168.0.103,192.168.0.104,HTTP,270,131.00,0
9802,133.023084,192.168.0.103,192.168.0.104,HTTP,270,130.00,0
9812,133.14160800000002,192.168.0.103,192.168.0.104,HTTP,270,131.00,0
9821,133.25243500000002,192.168.0.103,192.168.0.104,HTTP,270,132.00,0
9830,133.375213,192.168.0.103,192.168.0.104,HTTP,270,132.00,0
9839,133.50931,192.168.0.103,192.168.0.104,HTTP,270,131.00,0
9848,133.620628,192.168.0.103,192.168.0.104,HTTP,270,131.00,0
9857,133.752912,192.168.0.103,192.168.0.104,HTTP,270,131.00,0
9868,133.859799,192.168.0.103,192.168.0.104,HTTP,270,131.00,0
9877,133.990286,192.168.0.103,192.168.0.104,HTTP,270,130.00,0
9886,134.104379,192.168.0.103,192.168.0.104,HTTP,270,131.00,0
9896,134.255653,192.168.0.103,192.168.0.104,HTTP,270,132.00,0
9905,134.354951,192.168.0.103,192.168.0.104,HTTP,270,132.00,0
9915,134.466406,192.168.0.103,192.168.0.104,HTTP,270,132.00,0
9924,134.588797,192.168.0.103,192.168.0.104,HTTP,270,131.00,0
9933,134.711502,192.168.0.103,192.168.0.104,HTTP,270,131.00,0
9942,134.834668,192.168.0.103,192.168.0.104,HTTP,270,131.00,0
9951,134.958281,192.168.0.103,192.168.0.104,HTTP,270,131.00,0
9960,135.07314,192.168.0.103,192.168.0.104,HTTP,270,132.00,0
9971,135.195033,192.168.0.103,192.168.0.104,HTTP,270,131.00,0
9980,135.31761799999998,192.168.0.103,192.168.0.104,HTTP,270,131.00,0
9990,135.443795,192.168.0.103,192.168.0.104,HTTP,270,132.00,0
10000,135.562426,192.168.0.103,192.168.0.104,HTTP,270,131.00,0
10009,135.684047,192.168.0.103,192.168.0.104,HTTP,270,131.00,0
10018,135.80358999999999,192.168.0.103,192.168.0.104,HTTP,270,131.00,0
10027,135.92666699999998,192.168.0.103,192.168.0.104,HTTP,270,132.00,0
10036,136.045412,192.168.0.103,192.168.0.104,HTTP,270,131.00,0
10046,136.166968,192.168.0.103,192.168.0.104,HTTP,270,131.00,0
10055,136.29522,192.168.0.103,192.168.0.104,HTTP,270,132.00,0
10064,136.562848,192.168.0.103,192.168.0.104,HTTP,270,131.00,0
10071,136.607453,192.168.0.103,192.168.0.104,HTTP,270,131.00,0
10079,136.688521,192.168.0.103,192.168.0.104,HTTP,270,131.00,0
10086,136.80796,192.168.0.103,192.168.0.104,HTTP,270,131.00,0
10093,136.931737,192.168.0.103,192.168.0.104,HTTP,270,131.00,0
10100,137.02549299999998,192.168.0.103,192.168.0.104,HTTP,270,131.00,0
10111,137.14031200000002,192.168.0.103,192.168.0.104,HTTP,270,131.00,0
10129,137.25998,192.168.0.103,192.168.0.104,HTTP,270,131.00,0
10138,137.377654,192.168.0.103,192.168.0.104,HTTP,270,131.00,0
10147,137.500559,192.168.0.103,192.168.0.104,HTTP,270,131.00,0
10156,137.631909,192.168.0.103,192.168.0.104,HTTP,270,131.00,0
10165,137.741304,192.168.0.103,192.168.0.104,HTTP,270,132.00,0
10174,137.863113,192.168.0.103,192.168.0.104,HTTP,270,130.00,0
10183,137.988133,192.168.0.103,192.168.0.104,HTTP,270,129.00,0
10192,138.147806,192.168.0.103,192.168.0.104,HTTP,270,130.00,0
10201,138.24121100000002,192.168.0.103,192.168.0.104,HTTP,270,130.00,0
10210,138.35140900000002,192.168.0.103,192.168.0.104,HTTP,270,131.00,0
10219,138.468643,192.168.0.103,192.168.0.104,HTTP,270,132.00,0
10228,138.59348799999998,192.168.0.103,192.168.0.104,HTTP,270,132.00,0
10237,138.709799,192.168.0.103,192.168.0.104,HTTP,270,131.00,0
10246,138.837963,192.168.0.103,192.168.0.104,HTTP,270,132.00,0
10255,138.960049,192.168.0.103,192.168.0.104,HTTP,270,130.00,0
10264,139.075775,192.168.0.103,192.168.0.104,HTTP,270,131.00,0
10273,139.19904,192.168.0.103,192.168.0.104,HTTP,270,131.00,0
10282,139.321527,192.168.0.103,192.168.0.104,HTTP,270,130.00,0
10292,139.438248,192.168.0.103,192.168.0.104,HTTP,270,130.00,0
10302,139.57103500000002,192.168.0.103,192.168.0.104,HTTP,270,131.00,0
10312,139.683551,192.168.0.103,192.168.0.104,HTTP,270,130.00,0
10321,139.801649,192.168.0.103,192.168.0.104,HTTP,270,131.00,0
10330,139.922476,192.168.0.103,192.168.0.104,HTTP,270,131.00,0
10339,140.048046,192.168.0.103,192.168.0.104,HTTP,270,130.00,0
10348,140.17593,192.168.0.103,192.168.0.104,HTTP,270,131.00,0
10357,140.298775,192.168.0.103,192.168.0.104,HTTP,270,130.00,0
10366,140.407832,192.168.0.103,192.168.0.104,HTTP,270,131.00,0
10376,140.529579,192.168.0.103,192.168.0.104,HTTP,270,131.00,0
10385,140.663134,192.168.0.103,192.168.0.104,HTTP,270,131.00,0
10394,140.776673,192.168.0.103,192.168.0.104,HTTP,270,132.00,0
10403,140.918513,192.168.0.103,192.168.0.104,HTTP,270,130.00,0
10412,141.0354,192.168.0.103,192.168.0.104,HTTP,270,130.00,0
10422,141.143945,192.168.0.103,192.168.0.104,HTTP,270,131.00,0
10431,141.261252,192.168.0.103,192.168.0.104,HTTP,270,130.00,0
10440,141.386357,192.168.0.103,192.168.0.104,HTTP,270,130.00,0
10449,141.499934,192.168.0.103,192.168.0.104,HTTP,270,130.00,0
10458,141.630901,192.168.0.103,192.168.0.104,HTTP,270,130.00,0
10467,141.746581,192.168.0.103,192.168.0.104,HTTP,270,131.00,0
10476,141.86414,192.168.0.103,192.168.0.104,HTTP,270,132.00,0
10485,141.987194,192.168.0.103,192.168.0.104,HTTP,270,132.00,0
10494,142.10535,192.168.0.103,192.168.0.104,HTTP,270,130.00,0
10503,142.242535,192.168.0.103,192.168.0.104,HTTP,270,130.00,0
10512,142.352181,192.168.0.103,192.168.0.104,HTTP,270,131.00,0
10521,142.476375,192.168.0.103,192.168.0.104,HTTP,270,131.00,0
10530,142.593547,192.168.0.103,192.168.0.104,HTTP,270,130.00,0
10539,142.710911,192.168.0.103,192.168.0.104,HTTP,270,131.00,0
10548,142.83907,192.168.0.103,192.168.0.104,HTTP,270,131.00,0
10557,142.96031200000002,192.168.0.103,192.168.0.104,HTTP,270,132.00,0
10566,143.081,192.168.0.103,192.168.0.104,HTTP,270,132.00,0
10575,143.19645400000002,192.168.0.103,192.168.0.104,HTTP,270,131.00,0
10584,143.323876,192.168.0.103,192.168.0.104,HTTP,270,130.00,0
10593,143.442466,192.168.0.103,192.168.0.104,HTTP,270,131.00,0
10602,143.570641,192.168.0.103,192.168.0.104,HTTP,270,130.00,0
10611,143.68363300000001,192.168.0.103,192.168.0.104,HTTP,270,131.00,0
10620,143.80281599999998,192.168.0.103,192.168.0.104,HTTP,270,130.00,0
10630,143.929595,192.168.0.103,192.168.0.104,HTTP,270,131.00,0
10639,144.055156,192.168.0.103,192.168.0.104,HTTP,270,132.00,0
10648,144.16863999999998,192.168.0.103,192.168.0.104,HTTP,270,131.00,0
10657,144.291417,192.168.0.103,192.168.0.104,HTTP,270,131.00,0
10667,144.421694,192.168.0.103,192.168.0.104,HTTP,270,132.00,0
10676,144.529673,192.168.0.103,192.168.0.104,HTTP,270,131.00,0
10685,144.65723300000002,192.168.0.103,192.168.0.104,HTTP,270,131.00,0
10694,144.772272,192.168.0.103,192.168.0.104,HTTP,270,132.00,0
10703,144.90113799999997,192.168.0.103,192.168.0.104,HTTP,270,130.00,0
